TICKER;PRECO;DY;P/L;P/VP;P/ATIVOS;MARGEM BRUTA;MARGEM EBIT;MARG. LIQUIDA;P/EBIT;EV/EBIT;DIVIDA LIQUIDA / EBIT;DIV. LIQ. / PATRI.;PSR;P/CAP. GIRO;P. AT CIR. LIQ.;LIQ. CORRENTE;ROE;ROA;ROIC;PATRIMONIO / ATIVOS;PASSIVOS / ATIVOS;GIRO ATIVOS;CAGR RECEITAS 5 ANOS;CAGR LUCROS 5 ANOS; LIQUIDEZ MEDIA DIARIA
AALR3;10,75;0,81;68,56;0,98;0,48;24,40;10,06;1,77;12,07;17,46;5,39;0,44;1,21;-89,85;-0,63;0,98;1,43;0,71;4,36;0,49;0,51;0,40;22,24;;10.060.874,81
ABCB4;15,60;6,73;6,95;0,84;0,07;4,20;2,22;8,62;26,95;26,95;;;0,60;117,15;-0,24;1,00;12,10;1,00;;0,08;0,92;0,12;5,50;8,66;12.488.210,31
ABEV3;13,93;3,52;20,58;3,04;1,93;57,74;28,59;20,26;14,59;13,94;-0,65;-0,14;4,17;37,35;-2,65;1,23;14,77;9,37;19,35;0,63;0,37;0,46;6,67;-0,28;392.462.831,69
ADHM3;2,65;;-3,22;-1,01;82,81;100,00;-13.548,48;-18.860,61;-4,48;-4,48;0,00;;607,30;-1,13;-91,51;0,00;31,47;-2.571,90;22,61;-81,72;82,72;0,14;;;198.864,83
AFLT3;11,78;0,90;30,05;3,37;3,22;64,59;63,12;63,86;30,40;28,08;-2,32;-0,26;19,19;9,56;-4,97;23,21;11,23;10,71;10,08;0,95;0,05;0,17;2,20;11,01;105.899,49
AGRO3;19,11;4,86;9,68;1,08;0,61;30,53;22,22;18,67;8,13;11,88;3,74;0,49;1,81;4,35;-0,86;1,96;11,11;6,34;7,68;0,57;0,43;0,34;29,55;;3.342.820,28
AHEB3;26,99;;-9,08;10,64;0,86;28,11;-15,63;-16,95;-9,85;;1,10;-1,19;1,54;-13,01;-1,05;0,73;-117,08;-9,47;-108,02;0,08;0,92;0,56;-10,10;;13.338,82
AHEB5;25,00;;-8,41;9,85;0,80;28,11;-15,63;-16,95;-9,12;;1,10;-1,19;1,43;-12,05;-0,97;0,73;-117,08;-9,47;-108,02;0,08;0,92;0,56;-10,10;;2.892,33
AHEB6;30,99;;-10,43;12,21;0,99;28,11;-15,63;-16,95;-11,30;;1,10;-1,19;1,77;-14,94;-1,21;0,73;-117,08;-9,47;-108,02;0,08;0,92;0,56;-10,10;;14.330,50
ALPA3;24,92;0,20;61,28;5,12;2,79;51,19;8,15;6,80;51,09;55,24;-1,11;-0,11;4,16;10,84;-6,72;1,79;8,35;4,55;6,00;0,55;0,45;0,67;1,55;-1,97;46.265,00
ALPA4;30,20;0,18;74,26;6,20;3,38;51,19;8,15;6,80;61,91;55,24;-1,11;-0,11;5,05;13,13;-8,15;1,79;8,35;4,55;6,00;0,55;0,45;0,67;1,55;-1,97;58.769.045,92
ALPK3;9,72;;;3,24;0,78;;;;;;;2,46;;-7,60;-0,87;0,50;0,00;0,00;;0,24;0,76;0,00;;;4.913.064,81
ALSC3;27,75;;36,58;2,15;1,20;75,71;65,32;29,30;16,41;14,85;-1,56;-0,20;10,72;9,41;-1,43;5,39;5,88;3,29;11,21;0,56;0,44;0,11;2,54;10,07;
ALSO3;29,47;;62,19;1,03;0,72;71,07;39,35;14,34;22,67;18,40;-4,26;-0,19;8,92;5,10;-0,85;9,03;1,65;1,15;3,72;0,70;0,30;0,08;18,45;-27,08;65.970.006,28
ALUP11;24,27;1,36;5,18;0,91;0,36;49,37;47,57;29,42;3,21;5,56;2,35;0,67;1,53;2,44;-0,48;2,43;17,54;6,89;10,14;0,39;0,61;0,23;25,59;16,91;19.075.163,72
ALUP3;9,72;1,13;6,23;1,09;0,43;49,37;47,57;29,42;3,85;5,56;2,35;0,67;1,83;2,93;-0,57;2,43;17,54;6,89;10,14;0,39;0,61;0,23;25,59;16,91;225.936,94
ALUP4;7,26;1,52;4,65;0,82;0,32;49,37;47,57;29,42;2,88;5,56;2,35;0,67;1,37;2,19;-0,43;2,43;17,54;6,89;10,14;0,39;0,61;0,23;25,59;16,91;159.584,36
AMAR3;8,53;;-12,50;1,69;0,65;45,06;-0,34;-6,27;-231,42;-335,21;-103,79;0,76;0,78;2,78;-1,43;1,76;-13,49;-5,23;-1,33;0,39;0,61;0,83;-2,93;;68.589.897,61
ANDG3B;153,00;;318,25;11,82;10,00;47,12;179,06;45,82;81,43;41,65;0,93;0,13;145,82;-134,40;-10,27;0,26;3,71;3,14;12,68;0,85;0,15;0,07;10,22;-23,32;
ANDG4B;0,00;;0,00;0,00;0,00;47,12;179,06;45,82;0,00;41,65;0,93;0,13;0,00;0,00;0,00;0,26;3,71;3,14;12,68;0,85;0,15;0,07;10,22;-23,32;
ANIM3;25,15;;-42,00;1,68;0,83;44,54;5,91;-5,37;38,18;42,17;3,99;0,18;2,26;2,96;-1,35;3,81;-4,00;-1,98;2,39;0,50;0,50;0,37;11,24;;13.242.134,36
APER3;25,11;0,21;-130,08;1,64;1,10;100,00;-2,57;-2,36;-119,27;-86,48;32,78;-0,45;3,07;4,52;-1,81;2,61;-1,26;-0,84;-1,38;0,67;0,33;0,36;-16,64;-31,12;2.001.663,19
APTI3;0,00;;0,00;0,00;0,00;40,52;1,16;-19,35;0,00;139,08;61,64;0,15;0,00;0,00;0,00;1,05;-3,95;-2,14;-0,75;0,54;0,46;0,11;-8,24;;
APTI4;3.500,00;;-6,96;0,28;0,15;40,52;1,16;-19,35;116,64;139,08;61,64;0,15;1,35;20,61;-0,18;1,05;-3,95;-2,14;-0,75;0,54;0,46;0,11;-8,24;;
ARZZ3;47,67;1,21;26,30;5,74;2,28;46,23;13,74;9,83;18,82;18,80;-0,01;0,00;2,58;5,50;-8,88;2,26;21,82;8,65;13,02;0,40;0,60;0,88;9,79;7,54;25.858.000,75
ATMP3;5,05;;-0,28;-0,72;0,09;-17,07;-29,80;-48,96;-0,46;-1,97;-1,51;;0,14;-0,51;-0,11;0,49;255,17;-32,62;-102,93;-0,13;1,13;0,67;-21,09;;70.011,39
ATOM3;1,80;;7,92;4,26;2,01;100,00;20,57;44,32;17,07;11,29;-5,78;-1,44;3,51;2,17;-284,99;15,01;53,70;25,37;22,03;0,47;0,53;0,57;;;277.709,39
AZEV3;13,75;;-0,57;-0,34;1,35;-159,65;-329,52;-533,18;-0,92;-0,92;-0,37;;3,04;-0,46;-2,15;0,11;59,03;-237,00;61,63;-4,02;5,02;0,44;-29,80;;637.545,61
AZEV4;5,37;;-0,22;-0,13;0,53;-159,65;-329,52;-533,18;-0,36;-0,92;-0,37;;1,19;-0,18;-0,84;0,11;59,03;-237,00;61,63;-4,02;5,02;0,44;-29,80;;1.020.443,19
AZUL4;22,59;;-3,27;-2,95;1,51;-0,78;-11,73;-74,27;-20,72;-34,85;-14,13;;2,43;-4,60;-1,87;0,37;90,10;-46,19;-15,39;-0,51;1,51;0,62;14,54;;513.487.358,14
B3SA3;52,10;2,75;34,25;4,31;2,61;100,00;59,44;48,68;28,05;26,56;-1,50;-0,23;16,67;56,66;-3,67;1,19;12,58;7,61;10,47;0,61;0,39;0,16;23,81;22,64;601.321.999,97
BAHI3;89,51;;-10,89;1,87;0,48;37,60;-21,32;-22,67;-11,58;-10,68;0,90;-0,15;2,47;-7,59;-0,55;0,69;-17,21;-4,38;-13,86;0,25;0,75;0,19;;;119.969,03
BALM3;13,50;6,81;31,55;1,22;0,69;51,76;5,48;2,81;16,17;16,26;2,14;0,16;0,89;2,52;-1,68;1,88;3,88;2,20;2,12;0,57;0,43;0,78;5,12;-19,47;17.873,80
BALM4;10,08;9,13;23,55;0,91;0,52;51,76;5,48;2,81;12,07;16,26;2,14;0,16;0,66;1,88;-1,25;1,88;3,88;2,20;2,12;0,57;0,43;0,78;5,12;-19,47;14.095,37
BAUH4;88,00;0,98;17,11;6,41;3,79;25,27;8,87;14,91;28,75;26,54;-2,21;-0,49;2,55;21,84;-8,47;1,46;37,43;22,18;9,01;0,59;0,41;1,49;8,15;23,02;59.932,55
BAZA3;33,33;11,65;3,59;0,45;0,05;34,43;27,13;18,28;2,42;2,42;;;0,66;-0,18;-0,08;0,57;12,52;1,34;;0,11;0,89;0,07;6,35;8,48;99.863,97
BBAS3;33,52;5,49;5,59;0,94;0,06;13,61;3,41;11,90;19,53;19,53;;;0,67;-0,32;-0,13;0,75;16,80;1,03;;0,06;0,94;0,09;-2,23;7,20;722.955.383,00
BBDC3;19,73;9,58;8,69;1,35;0,14;-2,42;-6,38;22,82;-31,09;-32,54;;;1,98;-1,43;-0,27;0,83;15,55;1,62;;0,10;0,90;0,07;4,51;6,55;126.164.198,56
BBDC4;21,57;9,64;9,50;1,48;0,15;-2,42;-6,38;22,82;-33,99;-32,54;;;2,17;-1,56;-0,30;0,83;15,55;1,62;;0,10;0,90;0,07;4,51;6,55;1.031.362.044,08
BBML3;0,00;;0,00;0,00;0,00;9,04;4,18;2,26;0,00;6,15;6,15;1,30;0,00;0,00;0,00;1,09;11,38;2,07;4,62;0,18;0,82;0,92;;;
BBRK3;2,66;;-1,36;0,37;0,24;72,37;-53,25;-51,99;-1,33;-0,56;0,77;-0,22;0,71;3,13;-0,31;1,49;-27,32;-17,56;-29,61;0,64;0,36;0,34;-13,43;;2.065.314,17
BBSE3;28,64;9,78;8,77;9,40;4,91;;;;6,73;6,73;;;;42,10;-9,13;1,34;107,08;55,99;;0,52;0,48;0,00;;14,01;145.235.804,89
BDLL3;24,01;;-0,37;3,05;0,05;-30,98;-156,33;-193,35;-0,45;-2,98;-2,70;18,15;0,71;-0,23;-0,07;0,62;-831,33;-12,49;-35,48;0,02;0,98;0,06;-26,09;;2.401,00
BDLL4;9,44;;-0,14;1,20;0,02;-30,98;-156,33;-193,35;-0,18;-2,98;-2,70;18,15;0,28;-0,09;-0,03;0,62;-831,33;-12,49;-35,48;0,02;0,98;0,06;-26,09;;24.716,47
BEEF3;12,97;;19,79;10,88;0,39;19,26;8,70;1,82;4,13;7,67;3,54;9,32;0,36;1,28;-1,14;1,88;54,99;1,98;11,35;0,04;0,96;1,09;19,63;;135.926.339,31
BEES3;6,12;5,65;8,30;1,24;0,07;37,73;16,09;11,37;5,87;5,90;;;0,94;-0,50;-0,17;0,80;14,97;0,86;;0,06;0,94;0,08;3,69;8,54;183.369,53
BEES4;6,25;5,20;8,48;1,27;0,07;37,73;16,09;11,37;5,99;5,90;;;0,96;-0,51;-0,17;0,80;14,97;0,86;;0,06;0,94;0,08;3,69;8,54;39.983,36
BFRE11;0,00;;0,00;0,00;0,00;;;;0,00;;-12,33;-0,28;;0,00;0,00;13,26;6,67;6,42;-1,16;0,96;0,04;0,00;;;
BFRE12;0,00;;0,00;0,00;0,00;;;;0,00;;-12,33;-0,28;;0,00;0,00;13,26;6,67;6,42;-1,16;0,96;0,04;0,00;;;
BGIP3;42,60;4,60;8,02;1,45;0,11;59,25;16,75;11,97;5,72;4,55;;;0,96;-11,84;-0,31;0,99;18,03;1,39;;0,08;0,92;0,12;5,66;64,33;4.291,50
BGIP4;25,08;8,60;4,72;0,85;0,07;59,25;16,75;11,97;3,37;4,55;;;0,56;-6,97;-0,18;0,99;18,03;1,39;;0,08;0,92;0,12;5,66;64,33;92.062,73
BIDI11;37,51;0,48;155,26;4,12;0,84;51,80;0,04;6,49;24.969,69;24.969,69;;;10,07;8,65;-2,19;1,19;2,65;0,54;;0,21;0,79;0,08;;;24.326.487,42
BIDI3;12,10;0,49;150,25;3,98;0,82;51,80;0,04;6,49;24.164,21;24.969,69;;;9,75;8,37;-2,12;1,19;2,65;0,54;;0,21;0,79;0,08;;;6.275.992,39
BIDI4;13,00;0,62;161,42;4,28;0,88;51,80;0,04;6,49;25.961,55;24.969,69;;;10,47;9,00;-2,27;1,19;2,65;0,54;;0,21;0,79;0,08;;;28.872.975,83
BIOM3;17,00;;-17,32;7,67;2,83;20,69;-318,59;-372,35;-20,24;-22,54;-2,31;0,87;64,47;15,94;-4,18;2,21;-44,31;-16,32;-16,17;0,37;0,63;0,04;;;2.192.563,33
BKBR3;11,50;0,44;-258,44;1,51;0,76;61,65;1,71;-0,36;53,80;58,38;4,59;0,13;0,92;33,02;-0,97;1,12;-0,58;-0,30;1,36;0,51;0,49;0,83;433,99;;24.926.884,00
BMEB3;16,00;3,90;5,98;0,90;0,08;57,90;10,06;6,07;3,61;3,41;;;0,36;0,41;-0,19;1,58;15,02;1,41;;0,09;0,91;0,23;-5,92;;47.304,85
BMEB4;13,71;5,01;5,12;0,77;0,07;57,90;10,06;6,07;3,09;3,41;;;0,31;0,35;-0,16;1,58;15,02;1,41;;0,09;0,91;0,23;-5,92;;116.157,56
BMGB4;5,54;4,51;8,77;0,82;0,15;65,58;1,55;10,23;58,09;58,09;;;0,90;-0,39;-0,17;0,02;9,35;1,70;;0,18;0,72;0,17;;;5.930.718,39
BMIN3;19,75;7,09;33,32;0,77;0,49;77,15;28,22;21,75;25,68;25,79;;;7,25;3,18;-0,73;1,87;2,31;1,47;;0,63;0,37;0,07;5,44;-8,61;76.064,18
BMIN4;20,30;6,90;34,25;0,79;0,50;77,15;28,22;21,75;26,39;25,79;;;7,45;3,27;-0,75;1,87;2,31;1,47;;0,63;0,37;0,07;5,44;-8,61;7.308,11
BMKS3;187,00;3,25;33,43;0,48;0,43;26,71;-30,79;16,20;-17,59;11,84;29,43;-0,80;5,42;0,54;-2,42;28,58;1,44;1,27;-3,35;0,89;0,11;0,08;-13,82;-25,48;16.297,06
BNBR3;85,98;5,61;4,18;1,32;0,13;45,29;45,63;32,26;2,95;2,95;;;1,35;-3,35;-0,16;0,86;31,65;3,01;;0,10;0,90;0,09;4,71;18,37;49.014,52
BOBR3;0,00;;0,00;0,00;0,00;37,90;8,79;-0,79;0,00;5,82;2,73;;0,00;0,00;0,00;0,61;3,24;-1,23;570,23;-0,38;1,38;1,56;-1,67;;
BOBR4;2,35;;-73,04;-2,37;0,90;37,90;8,79;-0,79;6,56;5,82;2,73;;0,58;-3,31;-1,58;0,61;3,24;-1,23;570,23;-0,38;1,38;1,56;-1,67;;278.183,08
BPAC11;78,69;1,70;30,71;3,11;0,29;-2,33;11,26;17,24;47,04;47,04;;;5,30;2,83;-0,91;1,18;10,12;0,94;;0,09;0,91;0,05;-0,86;14,56;244.089.822,22
BPAC3;37,11;1,20;43,45;4,40;0,41;-2,33;11,26;17,24;66,55;47,04;;;7,49;4,00;-1,28;1,18;10,12;0,94;;0,09;0,91;0,05;-0,86;14,56;58.426,00
BPAC5;22,49;1,98;26,33;2,66;0,25;-2,33;11,26;17,24;40,33;47,04;;;4,54;2,42;-0,78;1,18;10,12;0,94;;0,09;0,91;0,05;-0,86;14,56;60.429,36
BPAN4;9,77;1,71;19,94;2,34;0,35;50,60;3,58;6,73;37,43;37,43;;;1,34;-1,86;-0,61;0,69;11,76;1,75;;0,15;0,85;0,26;8,37;49,77;43.552.836,33
BPAR3;182,07;8,78;5,55;1,22;0,19;76,82;31,24;18,60;3,30;3,30;;;1,03;-1,46;-0,40;0,81;22,01;3,34;;0,15;0,85;0,18;8,00;16,96;
BPAT33;0,00;;0,00;0,00;0,00;51,56;21,77;5,61;0,00;0,00;;;0,00;;0,00;;9,46;1,35;;0,14;0,86;0,24;14,99;-24,79;
BPHA3;0,62;;0,06;-0,24;0,99;98,02;1.029,99;13.896,67;0,80;1,66;0,85;;8,28;-0,38;-1,18;0,06;-402,50;1.669,02;-36,75;-4,15;5,15;0,12;-68,85;;
BRAP3;32,90;2,21;2.030,20;1,09;1,04;;;;-3.084,68;-3.322,84;-6,94;0,00;;41,33;-1,09;2,00;0,05;0,05;-0,04;0,95;0,05;0,00;;;768.569,61
BRAP4;36,70;2,18;2.264,69;1,21;1,16;;;;-3.440,96;-3.322,84;-6,94;0,00;;46,10;-1,22;2,00;0,05;0,05;-0,04;0,95;0,05;0,00;;;94.634.668,61
BRDT3;21,60;2,15;12,79;2,80;0,87;5,67;1,41;2,10;19,08;22,37;3,29;0,48;0,27;3,64;-1,83;1,85;21,87;6,83;1,76;0,31;0,69;3,25;-0,73;14,51;190.762.732,72
BRFS3;22,16;;14,16;2,65;0,38;25,15;9,56;3,63;5,38;9,77;4,39;2,16;0,51;5,72;-0,65;1,19;18,71;2,69;11,11;0,14;0,86;0,74;2,89;-33,13;244.756.864,11
BRGE11;16,00;2,18;15,00;0,66;0,38;-233,11;-1,67;268,48;-2.409,70;;1.169,06;-0,32;40,26;-4,14;-0,55;0,77;4,38;2,53;-0,63;0,58;0,42;0,01;3,11;2,66;10.543,00
BRGE12;6,69;;6,27;0,27;0,16;-233,11;-1,67;268,48;-1.007,55;;1.169,06;-0,32;16,83;-1,73;-0,23;0,77;4,38;2,53;-0,63;0,58;0,42;0,01;3,11;2,66;24.606,42
BRGE3;10,50;;9,84;0,43;0,25;-233,11;-1,67;268,48;-1.581,36;;1.169,06;-0,32;26,42;-2,71;-0,36;0,77;4,38;2,53;-0,63;0,58;0,42;0,01;3,11;2,66;12.983,36
BRGE5;21,50;1,35;20,15;0,88;0,51;-233,11;-1,67;268,48;-3.238,03;;1.169,06;-0,32;54,10;-5,56;-0,73;0,77;4,38;2,53;-0,63;0,58;0,42;0,01;3,11;2,66;29.783,33
BRGE6;11,51;6,05;10,79;0,47;0,27;-233,11;-1,67;268,48;-1.733,48;;1.169,06;-0,32;28,96;-2,97;-0,39;0,77;4,38;2,53;-0,63;0,58;0,42;0,01;3,11;2,66;3.453,00
BRGE7;5,40;7,52;5,06;0,22;0,13;-233,11;-1,67;268,48;-813,27;;1.169,06;-0,32;13,59;-1,40;-0,18;0,77;4,38;2,53;-0,63;0,58;0,42;0,01;3,11;2,66;
BRGE8;7,20;4,03;6,75;0,30;0,17;-233,11;-1,67;268,48;-1.084,36;;1.169,06;-0,32;18,12;-1,86;-0,25;0,77;4,38;2,53;-0,63;0,58;0,42;0,01;3,11;2,66;5.665,08
BRIV3;8,50;;11,91;0,50;0,06;21,41;7,56;5,71;8,98;8,71;;;0,68;0,56;-0,16;1,18;4,22;0,47;;0,11;0,89;0,08;-6,24;0,83;7.486,24
BRIV4;7,85;7,08;11,00;0,46;0,05;21,41;7,56;5,71;8,29;8,71;;;0,63;0,52;-0,14;1,18;4,22;0,47;;0,11;0,89;0,08;-6,24;0,83;42.576,62
BRKM3;25,75;3,26;-2,47;-7,16;0,27;11,65;-3,45;-15,99;-11,44;;-14,76;;0,40;3,51;-0,40;1,29;289,77;-10,76;-14,90;-0,04;1,04;0,67;3,00;;761.562,97
BRKM5;24,85;3,37;-2,38;-6,91;0,26;11,65;-3,45;-15,99;-11,04;;-14,76;;0,38;3,39;-0,39;1,29;289,77;-10,76;-14,90;-0,04;1,04;0,67;3,00;;117.124.725,67
BRKM6;19,01;3,19;-1,82;-5,29;0,20;11,65;-3,45;-15,99;-8,44;;-14,76;;0,29;2,59;-0,29;1,29;289,77;-10,76;-14,90;-0,04;1,04;0,67;3,00;;2.243,60
BRML3;10,48;7,88;6,80;0,78;0,48;89,40;159,17;108,24;4,62;5,69;1,07;0,18;7,36;12,26;-0,51;2,72;11,51;7,05;10,48;0,61;0,39;0,07;-1,04;18,24;163.883.064,56
BRPR3;9,25;0,93;9,21;0,63;0,46;100,00;213,72;138,29;5,96;6,66;0,70;0,07;12,74;3,83;-0,54;5,15;6,84;4,97;7,88;0,73;0,27;0,04;-14,64;3,09;33.185.210,22
BRQB3;0,00;;0,00;0,00;0,00;31,34;11,57;7,65;0,00;-1,10;-1,10;-0,46;0,00;0,00;0,00;2,94;27,79;12,66;17,67;0,46;0,54;1,65;-0,37;100,11;
BRSR3;17,97;5,35;5,73;0,91;0,09;43,04;13,62;13,17;5,54;;;;0,76;1,43;-2,52;1,07;15,89;1,55;;0,10;0,90;0,12;1,64;15,38;1.258.410,86
BRSR5;22,50;4,52;7,18;1,14;0,11;43,04;13,62;13,17;6,94;;;;0,95;1,79;-3,16;1,07;15,89;1,55;;0,10;0,90;0,12;1,64;15,38;148.393,93
BRSR6;14,69;6,55;4,69;0,74;0,07;43,04;13,62;13,17;4,53;;;;0,62;1,17;-2,06;1,07;15,89;1,55;;0,10;0,90;0,12;1,64;15,38;38.811.894,78
BSEV3;3,67;;-4,82;16,36;0,36;14,29;6,30;-13,09;10,02;25,10;15,08;24,62;0,63;19,10;-0,54;1,06;-339,41;-7,57;5,24;0,02;0,98;0,58;7,87;;377.245,17
BSLI3;141,00;1,79;11,11;2,91;0,29;72,25;26,42;19,74;8,30;7,15;;;2,19;-1,19;-0,41;0,54;26,19;2,63;;0,10;0,90;0,13;5,10;12,95;22.479,00
BSLI4;55,11;5,03;4,34;1,14;0,11;72,25;26,42;19,74;3,24;7,15;;;0,86;-0,46;-0,16;0,54;26,19;2,63;;0,10;0,90;0,13;5,10;12,95;11.022,00
BTOW3;104,60;;-190,72;9,72;3,39;29,67;1,59;-4,00;479,79;481,88;2,10;0,04;7,62;10,99;-8,20;2,11;-5,10;-1,78;-0,04;0,35;0,65;0,45;-3,20;;453.851.932,11
BTTL3;6,11;;10,77;9,26;0,67;15,54;3,79;1,86;5,29;7,30;2,02;3,53;0,20;-22,09;-1,07;0,93;85,93;6,18;28,74;0,07;0,93;3,32;-11,43;;17.415,41
BTTL4;11.091,73;;19.559,68;16.807,32;1.209,22;15,54;3,79;1,86;9.600,97;7,30;2,02;3,53;364,09;-40.094,72;-1.947,88;0,93;85,93;6,18;28,74;0,07;0,93;3,32;-11,43;;9.388.768.360,00
CALI3;98,18;;-2,37;13,04;0,45;-56,28;-318,34;-300,62;-2,23;-1,50;0,01;-0,05;7,11;1,16;-0,99;3,39;-551,34;-18,90;-463,36;0,03;0,97;0,06;-38,15;;
CALI4;50,21;;-1,21;6,67;0,23;-56,28;-318,34;-300,62;-1,14;-1,50;0,01;-0,05;3,64;0,59;-0,51;3,39;-551,34;-18,90;-463,36;0,03;0,97;0,06;-38,15;;25.105,00
CAMB3;5,09;;8,96;2,61;0,86;45,05;16,70;10,95;5,88;7,55;1,67;0,74;0,98;13,26;-1,60;1,16;29,12;9,56;19,23;0,33;0,67;0,87;-4,98;7,64;1.895.974,67
CAMB4;6,25;;11,00;3,20;1,05;45,05;16,70;10,95;7,22;7,55;1,67;0,74;1,21;16,29;-1,96;1,16;29,12;9,56;19,23;0,33;0,67;0,87;-4,98;7,64;453.862,40
CAML3;10,63;1,85;16,41;1,75;0,82;23,18;5,53;4,44;13,19;16,96;3,77;0,50;0,73;2,70;-1,86;2,17;10,65;4,98;7,47;0,47;0,53;1,12;7,98;17,95;15.687.888,17
CARD3;13,21;2,36;17,46;2,09;1,14;26,47;11,71;7,14;10,64;12,20;1,56;0,31;1,25;-160,33;-1,56;0,97;11,96;6,55;11,33;0,55;0,45;0,92;1,77;18,99;3.491.155,89
CASN3;18,00;;107,55;10,24;3,62;55,08;24,13;10,65;47,45;39,49;4,06;0,88;11,45;98,61;-4,26;1,32;9,52;3,36;8,24;0,35;0,65;0,32;8,58;9,88;
CASN4;8,88;;53,06;5,05;1,78;55,08;24,13;10,65;23,41;39,49;4,06;0,88;5,65;48,65;-2,10;1,32;9,52;3,36;8,24;0,35;0,65;0,32;8,58;9,88;1.100,00
CATA3;0,00;;0,00;0,00;0,00;12,93;-6,69;4,12;0,00;-2,88;-2,88;0,25;0,00;0,00;0,00;2,17;5,32;3,16;-6,43;0,59;0,41;0,77;-1,79;-8,60;
CATA4;0,00;;0,00;0,00;0,00;12,93;-6,69;4,12;0,00;-2,88;-2,88;0,25;0,00;0,00;0,00;2,17;5,32;3,16;-6,43;0,59;0,41;0,77;-1,79;-8,60;
CBEE3;16,35;2,43;9,45;0,74;0,25;16,61;10,16;4,90;4,56;11,48;6,92;1,12;0,46;-2,49;-0,34;0,72;7,82;2,64;5,56;0,34;0,66;0,54;5,20;7,47;35.605,82
CCPR3;16,00;0,30;23,02;0,83;0,50;65,17;57,18;23,50;9,46;12,08;2,62;0,23;5,41;3,77;-0,61;4,32;3,59;2,19;5,02;0,61;0,39;0,09;4,28;-8,25;6.732.522,33
CCRO3;14,70;5,19;22,09;3,27;0,88;41,71;32,72;12,42;8,39;12,32;3,93;1,53;2,74;-100,47;-1,12;0,96;14,79;3,97;9,42;0,27;0,73;0,32;7,44;1,11;144.648.805,83
CCXC3;1,16;;-0,46;-0,04;0,20;;;;-0,74;-0,72;0,02;;;-0,04;;0,16;8,09;-43,42;4,96;-5,37;6,37;0,00;;;45.760,33
CEAB3;10,96;2,31;20,45;1,25;0,58;48,71;7,13;3,16;9,07;12,89;3,82;0,52;0,65;5,76;-0,90;1,40;6,09;2,85;7,79;0,47;0,53;0,90;;;33.556.950,72
CEBR3;59,90;;4,52;0,85;0,24;18,07;10,95;6,03;2,49;;0,21;0,07;0,27;6,36;-0,44;1,09;18,77;5,37;20,38;0,29;0,71;0,89;6,64;;251.743,33
CEBR5;77,20;;5,83;1,09;0,31;18,07;10,95;6,03;3,21;;0,21;0,07;0,35;8,20;-0,57;1,09;18,77;5,37;20,38;0,29;0,71;0,89;6,64;;17.191,17
CEBR6;67,99;;5,13;0,96;0,28;18,07;10,95;6,03;2,83;;0,21;0,07;0,31;7,22;-0,50;1,09;18,77;5,37;20,38;0,29;0,71;0,89;6,64;;126.595,50
CEDO3;12,54;;-9,03;0,64;0,17;11,24;2,32;-2,05;7,98;20,55;13,83;1,12;0,19;-12,04;-0,30;0,97;-7,13;-1,90;1,46;0,27;0,73;0,92;3,73;;98.451,73
CEDO4;7,91;;-5,70;0,41;0,11;11,24;2,32;-2,05;5,04;20,55;13,83;1,12;0,12;-7,59;-0,19;0,97;-7,13;-1,90;1,46;0,27;0,73;0,92;3,73;;113.064,14
CEEB3;41,00;2,69;10,21;1,95;0,53;23,48;16,64;10,33;6,34;;4,71;1,45;1,05;9,51;-0,70;1,28;19,13;5,15;10,59;0,27;0,73;0,50;12,72;16,24;9.677,06
CEEB5;41,00;2,69;10,21;1,95;0,53;23,48;16,64;10,33;6,34;;4,71;1,45;1,05;9,51;-0,70;1,28;19,13;5,15;10,59;0,27;0,73;0,50;12,72;16,24;19.965,33
CEEB6;17.182,20;0,01;4.277,33;818,19;220,22;23,48;16,64;10,33;2.656,86;;4,71;1,45;442,02;3.983,54;-294,50;1,28;19,13;5,15;10,59;0,27;0,73;0,50;12,72;16,24;4.698.131.208,70
CEED3;88,00;;-0,63;-0,21;0,21;0,06;-12,95;-39,14;-1,92;-4,12;-2,20;;0,25;-0,25;-0,29;0,26;32,79;-32,50;15,19;-0,99;1,99;0,83;3,53;;23.715,14
CEED4;110,00;;-0,79;-0,26;0,26;0,06;-12,95;-39,14;-2,40;-4,12;-2,20;;0,31;-0,31;-0,36;0,26;32,79;-32,50;15,19;-0,99;1,99;0,83;3,53;;11.000,00
CEGR3;60,10;2,43;74,94;17,09;4,81;24,66;9,78;4,59;35,22;37,43;2,21;1,07;3,44;-45,83;-5,97;0,65;22,80;6,42;19,17;0,28;0,72;1,40;5,62;3,05;11.002,00
CEPE3;0,00;;0,00;0,00;0,00;17,45;9,46;3,04;0,00;;8,79;2,99;0,00;0,00;0,00;0,95;10,92;2,03;7,12;0,19;0,81;0,67;9,02;6,60;
CEPE5;25,05;5,03;10,26;1,12;0,21;17,45;9,46;3,04;3,29;;8,79;2,99;0,31;-12,16;-0,31;0,95;10,92;2,03;7,12;0,19;0,81;0,67;9,02;6,60;7.515,00
CEPE6;20,00;6,93;8,19;0,90;0,17;17,45;9,46;3,04;2,63;;8,79;2,99;0,25;-9,71;-0,24;0,95;10,92;2,03;7,12;0,19;0,81;0,67;9,02;6,60;18.000,00
CESP3;32,03;5,78;7,63;1,49;0,80;42,22;50,40;82,03;12,42;;1,03;0,12;6,26;42,33;-0,89;1,23;19,52;10,48;-1,57;0,54;0,46;0,13;-20,20;15,73;450.840,78
CESP5;29,60;6,25;7,05;1,38;0,74;42,22;50,40;82,03;11,47;;1,03;0,12;5,78;39,11;-0,82;1,23;19,52;10,48;-1,57;0,54;0,46;0,13;-20,20;15,73;47.926,60
CESP6;28,71;6,44;6,84;1,33;0,72;42,22;50,40;82,03;11,13;;1,03;0,12;5,61;37,94;-0,80;1,23;19,52;10,48;-1,57;0,54;0,46;0,13;-20,20;15,73;73.120.583,86
CGAS3;193,90;8,14;16,62;33,66;3,03;34,28;24,67;15,84;10,67;;1,91;6,02;2,63;282,77;-4,30;1,04;202,51;18,25;27,94;0,09;0,91;1,15;8,30;17,45;54.144,87
CGAS5;179,55;9,67;15,39;31,17;2,81;34,28;24,67;15,84;9,88;;1,91;6,02;2,44;261,84;-3,98;1,04;202,51;18,25;27,94;0,09;0,91;1,15;8,30;17,45;647.492,94
CGRA3;25,94;6,75;4,03;0,89;0,60;53,38;20,31;26,94;5,34;4,63;-0,72;-0,12;1,09;2,73;-1,06;2,07;22,09;14,97;11,56;0,68;0,32;0,56;3,42;16,83;46.715,64
CGRA4;26,00;6,74;4,04;0,89;0,60;53,38;20,31;26,94;5,36;4,63;-0,72;-0,12;1,09;2,73;-1,06;2,07;22,09;14,97;11,56;0,68;0,32;0,56;3,42;16,83;201.353,97
CIEL3;5,38;2,36;12,20;1,58;0,17;46,45;22,14;23,59;13,00;13,31;0,31;0,04;2,88;2,21;-1,16;1,10;12,95;1,42;4,32;0,11;0,89;0,06;7,99;-11,13;202.009.099,92
CLSC3;55,00;3,18;5,98;1,37;0,23;13,04;7,15;4,44;3,71;5,83;2,23;0,82;0,27;4,09;-0,32;1,23;22,88;3,77;13,06;0,16;0,84;0,85;4,99;-11,18;22.937,00
CLSC4;52,50;3,67;5,71;1,31;0,21;13,04;7,15;4,44;3,54;5,83;2,23;0,82;0,25;3,91;-0,31;1,23;22,88;3,77;13,06;0,16;0,84;0,85;4,99;-11,18;974.551,22
CMIG3;12,35;2,22;7,92;1,14;0,36;22,03;9,57;8,90;7,37;12,50;5,50;0,85;0,71;6,61;-0,45;1,35;14,36;4,51;4,16;0,31;0,69;0,51;5,38;-0,06;24.182.069,42
CMIG4;11,41;2,40;7,32;1,05;0,33;22,03;9,57;8,90;6,81;12,50;5,50;0,85;0,65;6,11;-0,42;1,35;14,36;4,51;4,16;0,31;0,69;0,51;5,38;-0,06;140.949.030,25
CMSA3;0,00;;0,00;0,00;0,00;;;;0,00;1,01;1,01;-1,28;;0,00;0,00;262,56;-122,42;-92,61;-126,18;0,76;0,24;0,00;;;
CMSA4;0,00;;0,00;0,00;0,00;;;;0,00;1,01;1,01;-1,28;;0,00;0,00;262,56;-122,42;-92,61;-126,18;0,76;0,24;0,00;;;
CNSY3;70.379,80;;2.849.145,70;54.396,08;10.843,06;23,70;5,02;0,47;267.665,04;267.677,15;12,11;2,46;13.427,61;-57.931,01;-11.804,25;0,30;1,91;0,38;4,94;0,20;0,80;0,81;19,24;;1.421.741.060,35
CNTO3;33,90;;26,38;6,99;2,08;49,45;18,41;12,17;17,43;17,28;-0,15;-0,06;3,21;17,50;-3,44;1,43;26,50;7,87;30,84;0,30;0,70;0,65;;;79.781.072,33
COCE3;50,00;4,25;8,10;1,22;0,43;15,79;11,79;8,61;5,91;;3,72;0,76;0,70;43,37;-0,59;1,04;15,00;5,28;9,43;0,35;0,65;0,61;8,25;9,99;11.332,33
COCE5;58,00;3,66;9,40;1,41;0,50;15,79;11,79;8,61;6,86;;3,72;0,76;0,81;50,31;-0,68;1,04;15,00;5,28;9,43;0,35;0,65;0,61;8,25;9,99;2.011.873,17
COCE6;0,00;;0,00;0,00;0,00;15,79;11,79;8,61;0,00;;3,72;0,76;0,00;0,00;0,00;1,04;15,00;5,28;9,43;0,35;0,65;0,61;8,25;9,99;
COGN3;7,05;0,55;-291,62;0,72;0,36;59,20;11,52;-0,67;16,85;28,61;11,76;0,50;1,94;4,18;-0,44;1,97;-0,25;-0,13;2,45;0,50;0,50;0,19;13,24;-24,68;338.517.381,78
CORR3;12,00;;-0,16;-0,07;0,02;98,54;-96,28;-87,39;-0,15;1,02;1,62;;0,14;0,04;-0,07;22,21;43,86;-14,57;56,62;-0,33;1,33;0,17;-33,38;;
CORR4;69,00;;-0,92;-0,40;0,13;98,54;-96,28;-87,39;-0,83;1,02;1,62;;0,80;0,20;-0,43;22,21;43,86;-14,57;56,62;-0,33;1,33;0,17;-33,38;;10.850,00
CPFE3;30,55;;11,42;2,42;0,73;22,41;16,14;10,24;7,25;10,78;3,53;1,18;1,17;9,92;-1,01;1,36;21,20;6,40;9,31;0,30;0,70;0,62;11,46;25,40;143.653.787,28
CPLE3;61,74;3,63;6,57;0,93;0,44;27,65;19,90;12,62;4,16;;2,02;0,45;0,83;6,18;-0,56;1,53;14,21;6,72;10,77;0,47;0,53;0,53;3,14;9,08;24.383.289,42
CPLE5;42,24;9,34;4,49;0,64;0,30;27,65;19,90;12,62;2,85;;2,02;0,45;0,57;4,23;-0,38;1,53;14,21;6,72;10,77;0,47;0,53;0,53;3,14;9,08;
CPLE6;63,60;3,88;6,76;0,96;0,45;27,65;19,90;12,62;4,29;;2,02;0,45;0,85;6,36;-0,57;1,53;14,21;6,72;10,77;0,47;0,53;0,53;3,14;9,08;109.322.231,89
CPRE3;18,20;;55,63;2,06;0,80;45,86;29,64;8,62;16,18;23,10;6,92;0,88;4,80;-48,22;-0,91;0,88;3,70;1,44;5,56;0,39;0,61;0,17;9,10;;9.027,19
CRDE3;21,10;58,70;-12,61;0,39;0,30;73,62;-24,61;-66,40;-34,03;3,80;37,83;-0,43;8,37;1,02;-0,57;2,61;-3,06;-2,37;-1,41;0,77;0,23;0,04;11,36;;76.225,66
CREM3;14,50;;32,70;2,45;0,67;30,30;7,39;2,10;9,28;13,11;3,84;1,01;0,69;4,89;-1,69;1,29;7,50;2,05;9,29;0,27;0,73;0,98;1,09;;
CRFB3;19,71;1,23;31,35;2,58;0,93;20,55;4,50;2,02;14,05;15,70;1,65;0,30;0,63;15,60;-1,68;1,16;8,24;2,97;8,56;0,36;0,64;1,47;10,32;12,50;141.316.225,89
CRIV3;5,85;0,60;8,12;0,62;0,09;51,51;17,05;12,04;5,73;6,13;;;0,98;0,58;-0,20;1,37;7,70;1,07;;0,14;0,86;0,09;-5,15;14,18;46.054,15
CRIV4;6,80;6,04;9,44;0,73;0,10;51,51;17,05;12,04;6,66;6,13;;;1,14;0,68;-0,23;1,37;7,70;1,07;;0,14;0,86;0,09;-5,15;14,18;14.757,81
CRPG3;25,00;0,56;6,60;1,26;0,92;23,60;18,25;18,65;6,75;;-1,83;-0,34;1,23;1,41;-4,14;6,20;19,03;13,92;18,13;0,73;0,27;0,75;8,35;;3.796,33
CRPG5;24,18;0,58;6,38;1,22;0,89;23,60;18,25;18,65;6,52;;-1,83;-0,34;1,19;1,36;-4,00;6,20;19,03;13,92;18,13;0,73;0,27;0,75;8,35;;234.904,53
CRPG6;23,99;0,58;6,33;1,21;0,88;23,60;18,25;18,65;6,47;;-1,83;-0,34;1,18;1,35;-3,97;6,20;19,03;13,92;18,13;0,73;0,27;0,75;8,35;;27.204,50
CSAB3;45,01;6,89;24,33;1,89;0,73;52,53;44,81;225,19;122,28;126,34;;;54,79;4,87;-1,19;1,64;7,79;3,00;;0,39;0,61;0,01;-27,17;-14,21;22.404,00
CSAB4;48,00;7,11;25,95;2,02;0,78;52,53;44,81;225,19;130,40;126,34;;;58,43;5,19;-1,27;1,64;7,79;3,00;;0,39;0,61;0,01;-27,17;-14,21;4.800,00
CSAN3;68,76;2,18;12,49;2,37;0,82;30,23;26,39;15,54;7,35;10,14;2,79;0,90;1,94;5,81;-1,14;1,97;19,00;6,54;12,15;0,34;0,66;0,42;10,73;31,02;119.460.650,39
CSMG3;60,23;1,86;10,48;1,11;0,65;42,41;22,46;13,94;6,50;8,75;2,24;0,38;1,46;8,69;-0,79;1,76;10,62;6,22;8,94;0,59;0,41;0,45;4,54;18,85;59.026.156,33
CSNA3;11,42;2,70;18,73;2,93;0,30;30,31;9,92;3,42;6,45;18,94;12,49;5,68;0,64;6,56;-0,41;1,20;15,65;1,60;3,34;0,10;0,90;0,47;9,54;;149.731.785,83
CSRN3;16,98;1,84;9,55;2,48;0,67;23,55;17,58;11,69;6,35;;3,43;1,34;1,12;6,15;-0,86;1,91;25,97;6,97;13,38;0,27;0,73;0,60;10,15;5,29;9.373,78
CSRN5;21,00;1,64;11,81;3,07;0,82;23,55;17,58;11,69;7,85;;3,43;1,34;1,38;7,61;-1,07;1,91;25,97;6,97;13,38;0,27;0,73;0,60;10,15;5,29;2.100,00
CSRN6;18,49;1,86;10,40;2,70;0,72;23,55;17,58;11,69;6,91;;3,43;1,34;1,22;6,70;-0,94;1,91;25,97;6,97;13,38;0,27;0,73;0,60;10,15;5,29;1.849,00
CTCA3;0,00;;0,00;0,00;0,00;57,42;7,92;7,92;0,00;-6,25;-6,25;-0,20;0,00;0,00;0,00;2,86;3,25;2,45;1,49;0,75;0,25;0,31;26,66;30,12;
CTKA3;15,00;;-7,49;-0,34;0,24;40,44;10,29;-3,69;2,68;17,00;14,61;;0,28;0,84;-0,61;1,95;4,56;-3,26;13,57;-0,72;1,72;0,89;0,27;;95.158,53
CTKA4;12,00;;-5,99;-0,27;0,20;40,44;10,29;-3,69;2,15;17,00;14,61;;0,22;0,67;-0,49;1,95;4,56;-3,26;13,57;-0,72;1,72;0,89;0,27;;130.847,93
CTNM3;11,50;;-8,31;0,20;0,08;29,29;1,71;-2,27;11,06;49,32;41,04;0,73;0,19;1,60;-0,13;1,16;-2,37;-0,98;0,84;0,42;0,58;0,43;-5,30;;97.233,34
CTNM4;6,21;;-4,49;0,11;0,04;29,29;1,71;-2,27;5,97;49,32;41,04;0,73;0,10;0,86;-0,07;1,16;-2,37;-0,98;0,84;0,42;0,58;0,43;-5,30;;249.243,22
CTSA3;6,08;;22,53;0,83;0,40;20,92;7,51;2,30;6,89;;5,96;0,72;0,52;3,42;-0,72;1,36;3,68;1,77;6,60;0,48;0,52;0,77;2,57;61,71;60.890,15
CTSA4;6,52;;24,16;0,89;0,43;20,92;7,51;2,30;7,39;;5,96;0,72;0,56;3,67;-0,77;1,36;3,68;1,77;6,60;0,48;0,52;0,77;2,57;61,71;14.745,94
CTSA8;0,00;;0,00;0,00;0,00;20,92;7,51;2,30;0,00;;5,96;0,72;0,00;0,00;0,00;1,36;3,68;1,77;6,60;0,48;0,52;0,77;2,57;61,71;
CVCB3;19,45;2,15;12,69;2,09;0,42;91,91;25,37;11,99;6,00;8,34;2,34;0,81;1,52;1,75;-1,52;1,49;16,48;3,30;14,69;0,20;0,80;0,28;21,43;18,82;123.028.221,67
CYRE3;23,45;7,77;17,99;1,80;0,91;31,73;14,84;13,47;16,33;18,46;2,13;0,24;2,42;2,88;-2,00;2,38;10,00;5,06;6,33;0,51;0,49;0,38;-7,54;-8,46;175.326.012,53
DASA3;66,00;0,85;-2.095,33;7,92;2,74;32,79;5,43;-0,32;121,92;133,14;11,22;0,73;6,62;35,18;-3,75;1,41;-0,38;-0,13;2,48;0,35;0,65;0,41;10,10;9,52;24.800,11
DIRR3;14,53;3,44;19,94;1,60;0,46;34,36;12,97;7,98;12,27;13,13;0,86;0,11;1,59;1,26;-0,89;4,24;8,04;2,32;6,41;0,29;0,71;0,29;-4,50;-12,25;17.721.080,97
DMMO3;1,72;;-3,67;-0,96;0,35;12,47;-19,75;-28,88;-5,37;-12,99;-7,63;;1,06;-1,93;-0,42;0,48;26,22;-9,44;-28,54;-0,36;1,36;0,33;-15,03;;17.901.014,50
DOHL3;10,80;;25,24;1,10;0,88;24,71;0,83;5,41;165,42;131,98;-12,81;-0,09;1,37;2,20;-1,66;6,68;4,37;3,49;-2,60;0,80;0,20;0,65;4,74;-5,49;1.080,00
DOHL4;5,99;;14,00;0,61;0,49;24,71;0,83;5,41;91,75;131,98;-12,81;-0,09;0,76;1,22;-0,92;6,68;4,37;3,49;-2,60;0,80;0,20;0,65;4,74;-5,49;30.060,19
DTCY3;7,30;;-5,23;12,20;1,97;3,08;-67,17;-93,42;-7,28;-6,90;-0,04;0,07;4,89;-6,72;-2,48;0,41;-233,06;-37,66;-104,08;0,16;0,84;0,40;-1,40;;58.097,91
DTCY4;0,00;;0,00;0,00;0,00;3,08;-67,17;-93,42;0,00;-6,90;-0,04;0,07;0,00;0,00;0,00;0,41;-233,06;-37,66;-104,08;0,16;0,84;0,40;-1,40;;
DTEX3;13,44;2,78;21,43;1,95;0,89;27,46;13,77;8,51;13,24;16,17;2,93;0,43;1,82;5,27;-1,37;1,92;9,08;4,14;7,46;0,46;0,54;0,49;4,69;0,61;41.107.309,67
EALT3;13,03;0,42;17,40;1,80;0,80;21,62;9,05;5,63;10,83;9,53;2,91;0,48;0,98;28,14;-1,22;1,09;10,35;4,57;9,77;0,44;0,56;0,81;11,80;20,01;104.473,91
EALT4;4,10;1,47;5,47;0,57;0,25;21,62;9,05;5,63;3,41;9,53;2,91;0,48;0,31;8,85;-0,39;1,09;10,35;4,57;9,77;0,44;0,56;0,81;11,80;20,01;338.387,92
ECOR3;12,98;;-39,10;15,93;0,63;38,05;20,13;-4,69;9,11;17,48;8,37;14,63;1,83;-4,31;-0,79;0,58;-40,73;-1,61;5,64;0,04;0,96;0,34;6,12;;65.268.552,47
ECPR3;78,20;;-8,40;0,79;0,49;;;;-11,49;-11,59;0,10;-0,01;;72,73;-0,50;3,92;-9,43;-5,84;-7,03;0,62;0,38;0,00;;;7.820,00
ECPR4;81,00;;-8,70;0,82;0,51;;;;-11,90;-11,59;0,10;-0,01;;75,33;-0,51;3,92;-9,43;-5,84;-7,03;0,62;0,38;0,00;;;12.095,00
EEEL3;330,00;3,26;16,11;1,36;617,37;43,93;36,70;18,69;8,20;8,95;0,70;0,12;3,01;5,58;-0,79;2,08;8,46;3.831,12;12,20;452,84;547,16;205,03;10,14;;129.016,87
EEEL4;429,99;2,75;21,00;1,78;804,43;43,93;36,70;18,69;10,69;8,95;0,70;0,12;3,92;7,27;-1,02;2,08;8,46;3.831,12;12,20;452,84;547,16;205,03;10,14;;113.799,67
EGIE3;43,15;3,54;15,23;5,03;1,17;42,34;43,81;23,57;8,20;10,73;2,54;1,56;3,59;45,96;-1,51;1,13;33,02;7,67;16,17;0,23;0,77;0,33;8,66;10,81;82.897.189,89
EKTR3;19,90;3,52;7,31;1,37;0,46;19,09;14,15;7,90;4,08;8,26;3,93;1,32;0,58;5,43;-0,68;1,36;18,79;6,29;10,52;0,33;0,67;0,80;7,24;2,43;12.470,00
EKTR4;22,20;3,48;8,15;1,53;0,51;19,09;14,15;7,90;4,55;8,26;3,93;1,32;0,64;6,06;-0,76;1,36;18,79;6,29;10,52;0,33;0,67;0,80;7,24;2,43;4.304,00
ELEK3;21,90;1,96;28,03;3,05;1,22;11,39;2,82;2,53;25,15;33,86;5,75;0,70;0,71;4,30;-2,97;1,94;10,87;4,36;4,38;0,40;0,60;1,72;1,48;;15.044,00
ELEK4;26,68;1,61;34,14;3,71;1,49;11,39;2,82;2,53;30,64;33,86;5,75;0,70;0,86;5,24;-3,62;1,94;10,87;4,36;4,38;0,40;0,60;1,72;1,48;;44.770,00
ELET3;30,35;;4,91;0,67;0,27;74,35;29,31;34,37;5,75;;4,37;0,51;1,69;2,63;-0,35;1,74;13,57;5,43;5,75;0,40;0,60;0,16;-1,65;;155.072.170,53
ELET5;41,00;;6,63;0,90;0,36;74,35;29,31;34,37;7,77;;4,37;0,51;2,28;3,55;-0,47;1,74;13,57;5,43;5,75;0,40;0,60;0,16;-1,65;;8.090,00
ELET6;31,85;;5,15;0,70;0,28;74,35;29,31;34,37;6,04;;4,37;0,51;1,77;2,76;-0,37;1,74;13,57;5,43;5,75;0,40;0,60;0,16;-1,65;;96.033.693,42
ELPL3;49,32;;11,28;2,38;0,34;12,38;12,38;5,79;5,28;6,86;1,58;0,71;0,65;12,60;-0,45;1,13;21,06;3,01;16,82;0,14;0,86;0,52;6,77;;
EMAE3;25,35;2,82;10,11;0,95;0,62;19,02;7,94;21,10;26,87;20,78;-9,75;-0,34;2,13;1,97;-1,04;4,82;9,36;6,17;0,35;0,66;0,34;0,29;23,78;;
EMAE4;31,09;2,53;12,40;1,16;0,77;19,02;7,94;21,10;32,95;20,78;-9,75;-0,34;2,62;2,41;-1,28;4,82;9,36;6,17;0,35;0,66;0,34;0,29;23,78;;168.680,00
EMBR3;8,54;;-2,63;0,37;0,11;14,79;-5,02;-22,61;-11,82;-8,82;3,01;-0,09;0,59;0,59;-0,62;1,30;-14,10;-4,19;-9,24;0,30;0,70;0,19;-6,86;;179.823.393,00
ENAT3;11,11;10,29;12,24;0,95;0,61;31,44;18,28;20,20;13,52;6,08;-7,44;-0,52;2,47;1,73;-1,15;4,03;7,73;5,00;5,50;0,65;0,35;0,25;17,18;2,03;28.060.712,72
ENBR3;17,62;3,32;7,43;1,02;0,39;19,25;15,16;9,26;4,54;7,08;2,54;0,57;0,69;6,67;-0,53;1,29;13,73;5,29;9,85;0,39;0,61;0,57;11,35;12,08;45.939.288,39
ENEV3;41,62;;20,24;1,84;0,95;39,62;29,84;18,74;12,71;16,51;3,80;0,55;3,79;10,62;-1,15;2,01;9,07;4,68;8,10;0,52;0,48;0,25;11,78;;75.297.778,22
ENGI11;47,99;1,25;17,77;2,48;0,42;16,21;11,86;4,92;7,37;13,84;6,47;2,17;0,87;9,38;-0,57;1,20;13,93;2,36;7,59;0,17;0,83;0,48;19,08;11,59;89.379.338,11
ENGI3;11,96;1,00;22,14;3,08;0,52;16,21;11,86;4,92;9,19;13,84;6,47;2,17;1,09;11,69;-0,72;1,20;13,93;2,36;7,59;0,17;0,83;0,48;19,08;11,59;118.155,97
ENGI4;9,07;1,32;16,79;2,34;0,40;16,21;11,86;4,92;6,97;13,84;6,47;2,17;0,83;8,87;-0,54;1,20;13,93;2,36;7,59;0,17;0,83;0,48;19,08;11,59;192.231,83
ENMA3B;50,49;6,04;12,81;2,97;1,16;34,91;21,07;17,06;10,37;;1,58;0,45;2,19;5,90;-1,78;2,30;23,16;9,07;12,54;0,39;0,61;0,53;8,84;14,09;249.508,00
ENMA6B;0,00;;0,00;0,00;0,00;34,91;21,07;17,06;0,00;;1,58;0,45;0,00;0,00;0,00;2,30;23,16;9,07;12,54;0,39;0,61;0,53;8,84;14,09;
ENMT3;27,18;2,62;11,62;2,64;0,70;20,67;15,99;10,36;7,53;11,99;4,39;1,54;1,20;17,68;-1,04;1,14;22,70;6,06;10,45;0,27;0,73;0,59;13,13;41,49;43.632,04
ENMT4;27,60;0,11;11,80;2,68;0,72;20,67;15,99;10,36;7,64;11,99;4,39;1,54;1,22;17,95;-1,06;1,14;22,70;6,06;10,45;0,27;0,73;0,59;13,13;41,49;111.027,96
EQPA3;3,30;4,55;15,54;2,21;0,73;26,76;13,25;8,38;9,83;;2,68;0,60;1,30;3,17;-1,15;2,74;14,21;4,71;9,11;0,33;0,67;0,56;7,01;6,33;247.464,42
EQPA5;6,79;1,77;31,97;4,54;1,51;26,76;13,25;8,38;20,23;;2,68;0,60;2,68;6,52;-2,37;2,74;14,21;4,71;9,11;0,33;0,67;0,56;7,01;6,33;22.266,83
EQPA6;10,60;1,42;49,92;7,09;2,35;26,76;13,25;8,38;31,58;;2,68;0,60;4,18;10,18;-3,70;2,74;14,21;4,71;9,11;0,33;0,67;0,56;7,01;6,33;1.374,50
EQPA7;6,45;2,33;30,37;4,32;1,43;26,76;13,25;8,38;19,21;;2,68;0,60;2,55;6,20;-2,25;2,74;14,21;4,71;9,11;0,33;0,67;0,56;7,01;6,33;19.875,44
EQTL3;22,17;;8,25;2,29;0,60;30,48;22,92;14,45;5,20;7,75;2,55;1,12;1,19;4,25;-0,86;1,86;27,79;7,24;12,58;0,26;0,74;0,50;22,53;28,32;181.543.771,36
ESTR3;20,00;;-0,40;-0,03;0,08;50,21;-5,89;-36,44;-2,45;-11,30;-7,31;;0,14;-0,03;-0,14;0,16;8,54;-19,85;1,54;-2,32;3,32;0,54;-11,86;;
ESTR4;38,98;;-0,77;-0,07;0,15;50,21;-5,89;-36,44;-4,77;-11,30;-7,31;;0,28;-0,07;-0,26;0,16;8,54;-19,85;1,54;-2,32;3,32;0,54;-11,86;;12.497,50
ETER3;3,68;;-57,94;-6,63;0,21;14,27;10,14;-0,42;2,41;4,74;2,33;;0,24;-15,22;-0,38;0,97;11,45;-0,37;-8,02;-0,03;1,03;0,87;-12,96;;2.018.999,19
EUCA3;26,44;;37,28;1,85;1,07;28,05;8,70;4,30;18,46;12,64;3,13;0,31;1,61;28,27;-1,52;1,14;4,95;2,86;5,85;0,58;0,42;0,66;6,48;19,12;688.289,22
EUCA4;7,11;;10,03;0,50;0,29;28,05;8,70;4,30;4,96;12,64;3,13;0,31;0,43;7,60;-0,41;1,14;4,95;2,86;5,85;0,58;0,42;0,66;6,48;19,12;640.664,06
EVEN3;11,28;1,28;18,00;1,23;0,48;25,06;8,35;7,23;15,60;18,50;2,90;0,23;1,30;1,04;-2,06;2,48;6,86;2,64;3,43;0,39;0,61;0,37;-2,81;-12,22;23.979.225,42
EZTC3;39,50;0,74;25,44;2,31;2,06;41,32;28,16;38,84;35,09;30,13;-4,96;-0,33;9,88;4,87;-4,16;6,18;9,06;8,09;5,96;0,89;0,11;0,21;-3,30;-9,33;103.415.495,03
FBMC3;0,00;;0,00;0,00;0,00;-60,76;-92,67;-101,97;0,00;-0,74;-0,67;;0,00;0,00;0,00;0,31;24,19;-36,57;25,82;-1,51;2,51;0,36;-18,14;;
FBMC4;1,96;;-0,09;-0,02;0,03;-60,76;-92,67;-101,97;-0,10;-0,74;-0,67;;0,09;-0,04;-0,05;0,31;24,19;-36,57;25,82;-1,51;2,51;0,36;-18,14;;
FESA3;28,50;2,49;14,39;1,49;0,89;18,06;12,22;13,70;16,14;14,51;1,98;0,18;1,97;8,39;-1,21;1,64;10,35;6,16;5,56;0,60;0,40;0,45;9,09;19,29;12.144,50
FESA4;18,92;4,12;9,55;0,99;0,59;18,06;12,22;13,70;10,71;14,51;1,98;0,18;1,31;5,57;-0,81;1,64;10,35;6,16;5,56;0,60;0,40;0,45;9,09;19,29;8.783.669,25
FHER3;3,05;;0,30;-0,95;0,11;9,29;-6,07;37,67;-1,89;-3,25;-1,36;;0,11;0,88;-0,20;1,35;-310,92;34,78;1.005,87;-0,11;1,11;0,92;-27,63;141,43;746.181,31
FIGE3;0,00;;0,00;0,00;0,00;100,00;93,46;44,00;0,00;-0,18;-0,18;-0,01;0,00;0,00;0,00;16,07;2,95;2,95;4,49;1,00;0,00;0,07;;-6,38;
FIGE4;0,00;;0,00;0,00;0,00;100,00;93,46;44,00;0,00;-0,18;-0,18;-0,01;0,00;0,00;0,00;16,07;2,95;2,95;4,49;1,00;0,00;0,07;;-6,38;
FLEX3;0,00;;0,00;0,00;0,00;28,94;-0,79;-5,29;0,00;-35,14;-35,14;3,31;0,00;0,00;0,00;1,11;-63,18;-5,92;-7,18;0,09;0,91;1,12;24,52;;
FLRY3;25,10;3,73;28,55;4,90;1,55;29,22;17,73;9,54;15,36;16,95;1,58;0,51;2,72;11,61;-2,13;1,94;17,16;5,41;13,14;0,32;0,68;0,57;11,59;29,49;64.419.608,08
FNCN3;0,00;;0,00;0,00;0,00;99,28;-40,55;-46,46;0,00;0,00;;;0,00;0,00;0,00;17,94;-6,66;-6,26;;0,94;0,06;0,13;-22,05;;
FRAS3;5,57;1,98;35,58;1,46;0,73;26,24;7,95;2,46;11,02;13,23;2,22;0,29;0,88;2,82;-1,29;2,46;4,11;2,05;5,42;0,50;0,50;0,83;12,30;-6,17;715.449,17
FRIO3;80,00;;6,92;2,58;0,20;16,81;8,71;3,20;2,55;6,37;3,83;3,88;0,22;4,35;-0,71;1,07;37,27;2,92;7,87;0,08;0,92;0,91;10,93;;60.643,33
FRTA3;5,06;;16,96;-0,15;0,31;29,24;-21,76;6,25;-4,88;-30,82;-25,94;;1,06;-0,13;-0,34;0,04;-0,88;1,83;17,33;-2,08;3,08;0,29;-29,82;;106.047,47
FTRT3B;0,00;;0,00;0,00;0,00;;;;0,00;0,00;0,00;0,00;;0,00;0,00;0,00;-0,95;-0,90;-2,42;0,95;0,05;0,00;;;
GBIO33;10,08;;671,08;1,45;0,86;46,49;9,49;0,22;15,23;17,25;2,02;0,19;1,45;7,29;-1,57;1,36;0,22;0,13;3,97;0,59;0,41;0,60;12,83;-38,45;1.282.135,14
GEPA3;40,10;4,96;12,71;2,24;0,84;41,94;37,37;20,49;6,97;8,03;0,37;0,12;2,61;-15,80;-1,23;0,86;17,60;6,60;14,01;0,37;0,63;0,32;2,48;-2,91;120.443,79
GEPA4;45,99;4,33;14,58;2,57;0,96;41,94;37,37;20,49;7,99;8,03;0,37;0,12;2,99;-18,12;-1,41;0,86;17,60;6,60;14,01;0,37;0,63;0,32;2,48;-2,91;23.367,82
GFSA3;5,90;;100,47;0,80;0,28;34,98;8,11;1,87;23,17;34,52;11,35;0,39;1,88;0,98;-0,93;1,70;0,80;0,28;-0,25;0,35;0,65;0,15;-24,01;;33.467.181,33
GGBR3;13,35;1,05;23,29;0,78;0,38;9,76;6,87;2,54;8,61;14,79;5,27;0,48;0,59;2,19;-0,57;2,03;3,36;1,63;4,76;0,48;0,52;0,64;-1,40;-3,95;1.768.063,11
GGBR4;15,49;0,90;27,03;0,91;0,44;9,76;6,87;2,54;9,99;14,79;5,27;0,48;0,69;2,54;-0,67;2,03;3,36;1,63;4,76;0,48;0,52;0,64;-1,40;-3,95;272.144.320,47
GNDI3;66,22;0,25;83,09;6,11;3,00;27,50;11,04;5,30;39,92;39,98;0,06;0,01;4,41;-475,84;-3,80;0,97;7,36;3,61;8,32;0,49;0,51;0,68;;;264.074.838,92
GOAU3;6,50;1,23;7,24;0,24;0,12;9,76;6,85;2,51;2,66;8,13;5,28;0,48;0,18;0,67;-0,18;2,04;3,32;1,61;4,74;0,48;0,52;0,64;-1,40;1,60;798.073,97
GOAU4;7,18;1,11;8,00;0,27;0,13;9,76;6,85;2,51;2,94;8,13;5,28;0,48;0,20;0,74;-0,19;2,04;3,32;1,61;4,74;0,48;0,52;0,64;-1,40;1,60;106.461.527,97
GOLL4;19,99;;349,73;-8,83;4,10;29,27;15,38;1,29;29,41;32,13;2,72;;4,52;-11,54;-6,05;0,48;-2,52;1,17;147,43;-0,46;1,46;0,91;6,61;;278.053.142,03
GPAR3;29,99;;24,36;-1,44;1,60;50,19;59,41;43,02;17,64;17,33;-0,31;;10,48;6,12;-2,24;11,32;-5,91;6,56;-5,80;-1,11;2,11;0,15;32,73;;10.644,50
GPCP3;33,80;;7,14;0,99;0,25;20,67;8,37;3,50;2,98;5,15;2,35;0,78;0,25;4,13;-0,39;1,19;13,85;3,43;16,23;0,25;0,75;0,98;16,77;;457.583,31
GPCP4;0,00;;0,00;0,00;0,00;20,67;8,37;3,50;0,00;5,15;2,35;0,78;0,00;0,00;0,00;1,19;13,85;3,43;16,23;0,25;0,75;0,98;16,77;;
GPIV33;4,84;;-0,56;0,17;0,13;100,00;190,11;215,12;-0,64;0,81;1,44;-0,37;;0,45;-0,19;11,14;-29,33;-23,05;-26,08;0,79;0,21;-0,11;17,48;110,83;1.084.374,89
GRND3;7,63;3,47;15,36;1,91;1,64;45,81;17,80;22,19;19,14;16,19;-2,95;-0,29;3,41;3,26;-4,35;5,14;12,45;10,66;8,44;0,86;0,14;0,48;-1,50;0,40;14.384.963,58
GSHP3;50,99;;-0,31;-0,32;0,05;67,92;86,47;-270,80;0,97;14,14;13,17;;0,84;0,64;-0,07;1,58;103,58;-17,64;4,67;-0,17;1,17;0,07;-11,13;;76.931,17
GUAR3;18,04;2,99;17,46;1,74;0,75;63,04;9,20;6,60;12,54;14,74;2,20;0,31;1,15;3,20;-1,77;1,69;9,95;4,31;7,81;0,43;0,57;0,65;10,55;4,30;28.045.747,53
HAGA3;4,86;;21,41;-0,75;1,04;23,06;19,41;11,86;13,09;8,66;0,62;;2,54;2,77;-5,40;1,86;-3,51;4,84;-10,58;-1,38;2,38;0,41;-8,09;-12,85;220.631,40
HAGA4;2,05;;9,03;-0,32;0,44;23,06;19,41;11,86;5,52;8,66;0,62;;1,07;1,17;-2,28;1,86;-3,51;4,84;-10,58;-1,38;2,38;0,41;-8,09;-12,85;369.655,72
HAPV3;62,07;0,53;56,86;6,21;3,60;38,76;16,62;12,56;42,97;43,14;0,17;0,02;7,14;56,03;-4,59;1,43;10,92;6,34;8,49;0,58;0,42;0,50;;;146.583.535,75
HBOR3;3,02;;-38,76;1,28;0,46;13,39;1,99;-3,96;77,27;110,60;33,33;0,55;1,53;0,93;-1,59;3,29;-3,30;-1,19;0,03;0,36;0,64;0,30;-4,23;;43.644.113,72
HBTS5;11,90;0,41;-1,40;0,46;0,09;-7,58;-965,78;-880,58;-1,28;-2,68;-1,40;0,50;12,32;-2,39;-0,10;0,75;-32,54;-6,33;-27,39;0,19;0,81;0,01;;;12.224,73
HETA3;4,01;;0,60;-0,01;0,21;100,00;67,33;312,65;2,76;444,03;438,62;;1,86;-0,05;-0,22;0,01;-0,90;34,80;4,25;-38,79;39,79;0,11;-21,42;-46,73;
HETA4;9,79;;1,45;-0,01;0,51;100,00;67,33;312,65;6,75;444,03;438,62;;4,54;-0,13;-0,53;0,01;-0,90;34,80;4,25;-38,79;39,79;0,11;-21,42;-46,73;95.495,59
HGTX3;14,47;3,74;13,59;1,67;1,23;43,23;8,94;11,96;18,19;15,84;-2,34;-0,22;1,63;2,75;-3,86;2,90;12,32;9,04;7,37;0,73;0,27;0,76;-1,59;-7,61;62.429.142,75
HOOT3;0,00;;0,00;0,00;0,00;65,71;-117,20;-150,19;0,00;-0,21;0,01;;0,00;0,00;0,00;0,04;35,59;-28,61;28,40;-0,80;1,80;0,19;-11,72;;
HOOT4;2,94;;-0,40;-0,14;0,11;65,71;-117,20;-150,19;-0,51;-0,21;0,01;;0,59;-0,10;-0,12;0,04;35,59;-28,61;28,40;-0,80;1,80;0,19;-11,72;;26.657,74
HYPE3;35,00;3,17;20,47;2,52;1,83;65,56;25,03;29,01;23,73;23,48;-0,25;-0,03;5,94;7,03;-3,00;3,00;12,30;8,93;7,29;0,73;0,27;0,31;3,54;23,65;137.529.534,67
IDNT3;4,28;;107,72;19,78;5,33;;;;216,20;215,27;-0,93;-0,09;;-401,15;-5,62;0,79;18,37;4,95;-6,32;0,27;0,73;0,00;;;482.670,58
IDVL3;2,40;;-18,21;0,54;0,07;5,26;-73,30;-7,67;-1,91;-1,93;;;1,40;0,45;-0,18;1,37;-2,98;-0,40;;0,13;0,87;0,05;-32,17;;202.817,33
IDVL4;3,20;;-24,29;0,72;0,10;5,26;-73,30;-7,67;-2,54;-1,93;;;1,86;0,60;-0,24;1,37;-2,98;-0,40;;0,13;0,87;0,05;-32,17;;41.016,14
IGBR3;2,63;;-0,35;-0,04;0,13;79,36;-147,60;-1.505,84;-3,55;-105,14;-101,59;;5,25;-0,38;-0,13;0,03;10,45;-37,91;-25,46;-3,63;4,63;0,03;-8,75;;405.834,69
IGSN3;0,00;;0,00;0,00;0,00;37,20;21,99;5,76;0,00;5,56;5,56;1,28;0,00;0,00;0,00;1,22;6,04;2,07;7,82;0,34;0,66;0,36;9,74;21,41;
IGTA3;35,83;0,59;23,32;2,10;1,07;64,95;64,32;36,85;13,36;16,80;3,44;0,54;8,60;9,40;-1,30;2,86;9,02;4,60;6,76;0,51;0,49;0,12;5,50;6,38;89.177.436,14
INEP3;7,43;;-0,16;-0,03;0,04;31,12;-990,22;-1.399,61;-0,23;-2,65;-2,43;;2,24;-0,03;-0,05;0,14;21,77;-25,95;24,77;-1,19;2,19;0,02;-46,05;;23.734,39
INEP4;6,95;;-0,15;-0,03;0,04;31,12;-990,22;-1.399,61;-0,21;-2,65;-2,43;;2,10;-0,03;-0,05;0,14;21,77;-25,95;24,77;-1,19;2,19;0,02;-46,05;;52.570,06
INNT3;0,00;;0,00;0,00;0,00;31,03;15,40;14,27;0,00;2,43;2,43;1,24;0,00;0,00;0,00;2,09;47,32;5,45;14,62;0,12;0,88;0,38;62,50;37,41;
IRBR3;11,54;1,85;6,12;2,33;0,63;19,25;13,78;26,66;11,85;11,85;;;1,63;-34,21;-1,75;0,97;38,00;10,27;;0,27;0,73;0,39;17,19;24,00;468.754.130,08
ITEC3;40,10;;-35,12;22,04;9,22;-121,18;-18.852,94;-7.435,88;-13,85;-13,21;0,64;-1,02;2.611,73;25,42;-16,70;5,23;-62,76;-26,24;-174,07;0,42;0,58;0,00;-75,29;;
ITSA3;11,40;7,63;10,52;1,74;1,49;27,44;195,65;178,72;9,61;8,99;0,10;0,02;18,80;24,41;-1,66;2,58;16,57;14,16;16,32;0,85;0,15;0,08;-0,05;5,31;2.957.556,36
ITSA4;10,09;8,62;9,31;1,54;1,32;27,44;195,65;178,72;8,51;8,99;0,10;0,02;16,64;21,61;-1,47;2,58;16,57;14,16;16,32;0,85;0,15;0,08;-0,05;5,31;332.291.281,39
ITUB3;25,09;8,02;10,00;1,71;0,13;51,18;5,65;11,19;19,81;20,49;;;1,12;;-0,14;;17,13;1,33;;0,08;0,92;0,12;8,39;4,93;28.603.707,81
ITUB4;26,83;7,50;10,70;1,83;0,14;51,18;5,65;11,19;21,18;20,49;;;1,20;;-0,15;;17,13;1,33;;0,08;0,92;0,12;8,39;4,93;1.096.817.608,14
JBDU3;3,60;;-1,20;0,27;0,09;;;;-0,73;-0,66;-0,19;0,07;;-0,57;-0,09;0,00;-22,06;-7,85;-48,45;0,36;0,64;0,00;;48,00;77.381,64
JBDU4;1,70;;-0,57;0,13;0,04;;;;-0,34;-0,66;-0,19;0,07;;-0,27;-0,04;0,00;-22,06;-7,85;-48,45;0,36;0,64;0,00;;48,00;130.891,94
JBSS3;21,63;2,50;-99,92;1,76;0,39;15,41;6,50;-0,27;4,19;8,24;4,05;1,70;0,27;2,37;-0,62;1,74;-1,76;-0,39;12,07;0,22;0,78;1,41;11,17;21,85;478.295.901,94
JFEN3;4,80;;-1,18;1,94;0,29;-62,75;-409,71;-433,10;-1,25;-2,74;-1,49;2,31;5,11;1,04;-1,48;1,52;-164,02;-24,39;-46,98;0,15;0,85;0,06;-36,70;;576.605,61
JHSF3;6,97;1,19;13,59;1,47;0,76;49,43;89,60;48,44;7,35;8,57;1,22;0,25;6,59;10,00;-0,89;2,09;10,83;5,60;11,02;0,52;0,48;0,12;1,62;49,95;52.475.168,64
JOPA3;23,00;;11,02;0,36;0,13;27,77;4,71;1,77;4,15;13,15;8,99;0,78;0,20;0,49;-0,36;1,78;3,27;1,22;3,36;0,37;0,63;0,69;3,46;-6,68;11.211,50
JOPA4;26,00;;12,46;0,41;0,15;27,77;4,71;1,77;4,69;13,15;8,99;0,78;0,22;0,55;-0,40;1,78;3,27;1,22;3,36;0,37;0,63;0,69;3,46;-6,68;2.510,50
JPSA3;24,70;;9,00;0,72;0,36;64,99;60,86;32,74;4,84;8,59;3,75;0,56;2,94;3,22;-0,44;2,70;7,99;4,01;6,19;0,50;0,50;0,12;5,51;;10.331.507,14
JSLG3;23,83;1,03;28,84;2,15;0,23;21,32;9,88;1,75;5,09;14,66;9,56;4,04;0,50;0,97;-0,42;2,13;7,45;0,80;5,12;0,11;0,89;0,46;11,83;34,48;27.655.294,58
KEPL3;36,00;1,10;22,43;1,99;1,43;25,76;9,44;7,37;17,50;17,12;-0,38;-0,04;1,65;6,84;-2,55;1,91;8,87;6,38;8,04;0,72;0,28;0,87;-8,42;-22,30;3.570.946,28
KLBN11;19,91;3,38;-9,90;6,46;0,65;34,29;25,31;-21,51;8,42;16,18;7,76;5,96;2,13;2,45;-1,02;3,93;-65,24;-6,60;2,52;0,10;0,90;0,31;15,98;-0,43;193.553.847,03
KLBN3;4,10;3,28;-10,19;6,65;0,67;34,29;25,31;-21,51;8,67;16,18;7,76;5,96;2,19;2,52;-1,05;3,93;-65,24;-6,60;2,52;0,10;0,90;0,31;15,98;-0,43;2.144.697,11
KLBN4;3,94;3,41;-9,80;6,39;0,65;34,29;25,31;-21,51;8,33;16,18;7,76;5,96;2,11;2,42;-1,01;3,93;-65,24;-6,60;2,52;0,10;0,90;0,31;15,98;-0,43;11.934.234,00
LAME3;27,11;0,67;73,54;5,81;1,30;36,15;10,61;3,07;21,29;27,70;3,59;0,98;2,26;4,63;-3,04;1,95;7,90;1,76;7,21;0,22;0,78;0,57;3,26;10,35;49.693.799,28
LAME4;32,53;0,56;88,24;6,97;1,55;36,15;10,61;3,07;25,55;27,70;3,59;0,98;2,71;5,55;-3,65;1,95;7,90;1,76;7,21;0,22;0,78;0,57;3,26;10,35;300.100.105,83
LCAM3;17,15;2,62;25,37;2,20;0,81;26,65;15,59;6,90;11,22;16,03;4,81;0,94;1,75;12,65;-1,07;1,36;8,69;3,19;7,72;0,37;0,63;0,46;50,13;68,64;62.779.928,61
LEVE3;19,47;3,28;11,72;1,88;0,89;25,56;12,68;8,60;7,95;8,83;0,88;0,21;1,01;4,61;-1,94;1,56;16,00;7,60;13,65;0,47;0,53;0,88;1,60;5,40;9.377.684,11
LHER3;0,00;;0,00;0,00;0,00;63,41;22,35;10,99;0,00;-3,77;-3,77;-0,15;0,00;0,00;0,00;6,36;1,95;0,67;3,94;0,34;0,66;0,06;4,31;-51,59;
LHER4;0,00;;0,00;0,00;0,00;63,41;22,35;10,99;0,00;-3,77;-3,77;-0,15;0,00;0,00;0,00;6,36;1,95;0,67;3,94;0,34;0,66;0,06;4,31;-51,59;
LIGT3;16,73;;3,82;0,76;0,21;25,03;8,88;10,15;4,37;11,15;6,78;1,17;0,39;3,68;-0,28;1,28;19,81;5,40;3,06;0,27;0,73;0,53;7,79;14,91;54.147.556,67
LINX3;22,95;0,49;343,85;2,49;1,74;65,24;6,92;1,54;76,59;69,05;-7,54;-0,25;5,30;6,60;-2,97;2,72;0,72;0,50;1,81;0,70;0,30;0,33;16,40;-10,47;51.535.129,28
LIPR3;76,50;;33,95;4,78;4,18;;;;38,24;34,44;-3,81;-0,48;;12,79;-7,37;4,10;14,09;12,31;11,87;0,87;0,13;0,00;;;7.650,00
LLIS3;7,65;;-2,73;0,23;0,12;47,52;-9,10;-20,23;-6,07;-17,63;-11,56;0,44;0,55;-3,44;-0,16;0,87;-8,46;-4,50;-4,17;0,53;0,47;0,22;4,50;;2.683.811,22
LOGG3;31,40;0,67;32,82;1,08;0,80;98,37;137,67;74,03;17,65;19,79;2,15;0,13;24,29;4,88;-1,00;4,98;3,30;2,43;3,53;0,74;0,26;0,03;13,50;-19,27;12.318.143,92
LOGN3;15,45;;-14,99;7,99;0,85;17,06;14,56;-10,02;10,32;15,09;4,77;3,69;1,50;3,32;-1,54;2,32;-53,29;-5,66;9,49;0,11;0,89;0,57;1,55;;20.091.439,67
LPSB3;5,30;;-281,71;4,41;1,93;83,67;2,65;-1,88;199,91;162,56;-37,35;-0,82;5,30;6,28;-3,68;2,83;-1,56;-0,68;-5,23;0,44;0,56;0,36;-13,72;;4.711.400,00
LREN3;41,93;0,95;35,19;7,12;2,84;61,47;14,94;9,92;23,35;23,89;0,54;0,16;3,49;18,58;-6,49;1,37;20,22;8,07;15,12;0,40;0,60;0,81;12,95;18,45;424.907.244,78
LTEL3B;0,00;;0,00;0,00;0,00;;;;0,00;0,12;0,12;0,10;;0,00;0,00;16,35;67,35;56,66;56,84;0,84;0,16;0,00;;;
LUPA3;2,16;;-0,77;0,72;0,11;-11,85;-202,54;-533,34;-2,02;-8,12;-6,10;2,16;4,09;0,42;-0,17;2,91;-93,19;-13,87;-12,23;0,15;0,85;0,03;-38,92;;1.509.487,86
LUXM3;0,00;;0,00;0,00;0,00;26,64;14,19;11,18;0,00;7,40;1,49;0,24;0,00;0,00;0,00;2,01;12,73;7,47;8,38;0,59;0,41;0,67;13,39;26,08;
LUXM4;34,00;4,13;13,44;1,71;1,00;26,64;14,19;11,18;10,59;7,40;1,49;0,24;1,50;6,79;-1,42;2,01;12,73;7,47;8,38;0,59;0,41;0,67;13,39;26,08;10.812,00
LWSA3;36,34;;316,46;7,17;4,19;41,29;10,80;3,54;103,81;95,60;-8,21;-0,57;11,21;9,55;-13,61;2,73;2,27;1,32;4,56;0,58;0,42;0,37;;;32.198.161,42
MAPT3;65,00;;-366,43;-10,71;77,27;;;;-370,98;-331,26;0,00;;;-14.932,04;-77,27;0,00;2,92;-21,09;2,89;-7,21;8,21;0,00;;;
MAPT4;51,23;;-288,80;-8,44;60,90;;;;-292,39;-331,26;0,00;;;-11.768,75;-60,90;0,00;2,92;-21,09;2,89;-7,21;8,21;0,00;;;84.850,67
MDIA3;41,22;0,61;21,94;2,28;1,58;36,32;10,07;9,92;21,60;22,77;1,17;0,12;2,18;10,80;-2,41;1,73;10,39;7,19;7,88;0,69;0,31;0,73;5,91;-1,46;43.553.800,42
MDNE3;7,56;;-4,56;0,60;0,29;31,71;8,38;-45,97;25,01;29,32;4,31;0,10;2,09;0,86;-0,63;2,64;-13,08;-6,35;1,26;0,49;0,51;0,14;-13,69;;3.696.745,78
MEAL3;4,03;;-14,63;0,64;0,28;30,47;0,47;-3,36;104,63;141,30;36,67;0,22;0,49;-2,23;-0,35;0,59;-4,39;-1,94;0,29;0,44;0,56;0,58;29,56;;36.353.286,47
MERC3;21,00;0,59;37,53;1,55;0,99;70,55;18,70;13,95;28,01;22,73;;;5,24;4,18;-2,05;1,86;4,13;2,65;;0,64;0,36;0,19;-19,89;58,90;85.978,00
MERC4;11,90;4,15;21,27;0,88;0,56;70,55;18,70;13,95;15,87;22,73;;;2,97;2,37;-1,16;1,86;4,13;2,65;;0,64;0,36;0,19;-19,89;58,90;137.727,58
MGEL3;0,00;;0,00;0,00;0,00;14,58;8,60;-3,57;0,00;13,77;13,31;;0,00;0,00;0,00;3,05;5,16;-5,22;15,23;-1,01;2,01;1,46;4,34;;
MGEL4;5,65;;-1,71;-0,09;0,09;14,58;8,60;-3,57;0,71;13,77;13,31;;0,06;0,23;-0,21;3,05;5,16;-5,22;15,23;-1,01;2,01;1,46;4,34;;41.304,48
MGLU3;70,50;0,16;139,60;15,22;6,47;27,72;5,55;3,95;99,18;97,65;-1,53;-0,23;5,51;24,49;-16,09;1,79;10,90;4,63;10,58;0,43;0,57;1,17;15,25;48,29;914.460.552,86
MILS3;5,75;;-39,36;1,31;0,99;38,14;-6,09;-7,44;-48,07;-47,91;0,16;0,00;2,93;5,58;-1,40;2,51;-3,33;-2,51;-2,77;0,75;0,25;0,34;-11,16;;11.426.858,11
MMAQ3;0,00;;0,00;0,00;0,00;7,60;7,53;6,58;0,00;-1,10;-1,10;-0,23;0,00;0,00;0,00;2,41;18,65;12,00;15,76;0,64;0,36;1,82;11,72;15,69;
MMAQ4;0,00;;0,00;0,00;0,00;7,60;7,53;6,58;0,00;-1,10;-1,10;-0,23;0,00;0,00;0,00;2,41;18,65;12,00;15,76;0,64;0,36;1,82;11,72;15,69;
MMXM3;2,03;;-0,11;-0,02;0,11;-21,10;-6.517,35;-9.647,88;-0,16;-2,44;-2,28;;10,53;-0,02;-0,14;0,03;16,45;-98,34;15,41;-5,98;6,98;0,01;-67,19;;61.788,00
MNDL3;25,61;;-6,13;-0,44;0,06;33,66;11,39;-2,13;1,15;4,74;3,59;;0,13;-0,10;-0,08;0,29;7,13;-1,00;90,38;-0,14;1,14;0,47;5,04;;318.601,96
MNPR3;5,34;;-1,15;-0,10;0,19;28,37;14,13;-14,02;1,14;1,15;0,01;;0,16;-0,09;-0,28;0,13;8,40;-16,53;-8,29;-1,97;2,97;1,18;4,71;;43.518,83
MOAR3;140,00;5,01;-41,95;1,86;1,13;100,00;60.457,03;15.969,53;-11,08;-9,73;1,35;-0,23;;4,04;-1,97;2,95;-4,43;-2,70;-13,21;0,61;0,39;0,00;-25,48;-11,37;60.125,32
MOVI3;13,43;2,76;56,18;1,84;0,55;24,28;5,98;1,77;16,64;25,85;9,20;1,02;1,00;-13,14;-0,76;0,87;3,28;0,98;4,11;0,30;0,70;0,55;133,51;116,71;43.807.202,11
MRFG3;12,55;;6,34;15,58;0,26;13,67;7,50;2,70;2,28;7,38;5,10;34,86;0,17;4,73;-0,43;1,15;245,71;4,04;12,66;0,02;0,98;1,50;26,24;;193.377.569,64
MRSA3B;33,50;2,05;22,63;2,78;1,06;25,71;32,57;15,73;10,92;;2,30;0,58;3,56;1.182,89;-1,29;1,01;12,27;4,69;11,00;0,38;0,62;0,30;0,88;5,85;36.653,57
MRSA5B;19,62;3,84;13,25;1,63;0,62;25,71;32,57;15,73;6,40;;2,30;0,58;2,08;692,78;-0,75;1,01;12,27;4,69;11,00;0,38;0,62;0,30;0,88;5,85;4.947,78
MRSA6B;19,62;3,84;13,25;1,63;0,62;25,71;32,57;15,73;6,40;;2,30;0,58;2,08;692,78;-0,75;1,01;12,27;4,69;11,00;0,38;0,62;0,30;0,88;5,85;5.254,67
MRVE3;18,25;4,06;12,99;1,54;0,54;29,46;11,04;11,18;13,15;17,80;4,65;0,55;1,45;1,87;-1,06;2,49;11,88;4,19;5,50;0,35;0,65;0,37;7,66;-0,09;84.563.536,31
MSPA3;47,00;;-8,23;0,34;0,21;37,20;-33,58;-30,06;-7,36;-7,65;-0,20;0,01;2,47;4,37;-0,23;2,65;-4,14;-2,56;-4,44;0,62;0,38;0,09;-14,68;;12.949,00
MSPA4;51,50;;-9,02;0,37;0,23;37,20;-33,58;-30,06;-8,07;-7,65;-0,20;0,01;2,71;4,79;-0,25;2,65;-4,14;-2,56;-4,44;0,62;0,38;0,09;-14,68;;10.300,00
MSRO3;0,01;;0,05;0,00;0,00;31,62;21,17;0,37;0,00;6,76;6,76;2,81;0,00;0,00;0,00;0,74;0,73;0,15;9,34;0,20;0,80;0,39;15,89;-13,57;
MTIG3;0,00;;0,00;0,00;0,00;16,22;-0,88;10,18;0,00;-56,32;-51,07;1,75;0,00;0,00;0,00;0,56;39,64;10,89;-35,03;0,27;0,73;1,07;10,03;;
MTIG4;40,00;;0,68;0,27;0,07;16,22;-0,88;10,18;-7,88;-56,32;-51,07;1,75;0,07;-0,29;-0,11;0,56;39,64;10,89;-35,03;0,27;0,73;1,07;10,03;;31.458,90
MTRE3;16,05;;83,98;1,77;1,36;30,91;10,23;6,46;52,99;27,36;-25,63;-0,85;5,42;1,80;-12,99;6,39;2,10;1,62;2,55;0,77;0,23;0,25;;;9.618.031,00
MTSA3;35,00;1,03;23,48;1,33;0,96;23,81;7,80;4,63;13,93;9,21;-0,96;-0,09;1,09;2,00;-3,58;2,91;5,65;4,09;6,57;0,72;0,28;0,88;4,06;-2,01;7.000,00
MTSA4;17,50;2,29;11,74;0,66;0,48;23,81;7,80;4,63;6,96;9,21;-0,96;-0,09;0,54;1,00;-1,79;2,91;5,65;4,09;6,57;0,72;0,28;0,88;4,06;-2,01;151.963,11
MULT3;21,87;2,15;23,65;2,26;1,26;79,75;61,35;41,97;16,18;18,89;2,72;0,38;9,92;35,36;-1,47;1,33;9,56;5,34;7,54;0,56;0,44;0,13;3,23;4,98;151.018.142,75
MWET3;7,00;;-0,37;-0,07;0,08;9,61;-6,77;-22,36;-1,22;-6,98;-6,16;;0,08;-0,11;-0,11;0,25;17,95;-22,25;8,47;-1,24;2,24;1,00;-1,75;;6.550,00
MWET4;3,48;;-0,18;-0,03;0,04;9,61;-6,77;-22,36;-0,61;-6,98;-6,16;;0,04;-0,06;-0,05;0,25;17,95;-22,25;8,47;-1,24;2,24;1,00;-1,75;;51.208,61
MYPK3;14,86;5,71;6,16;0,55;0,20;10,96;6,32;3,79;3,70;8,82;5,12;0,76;0,23;2,75;-0,32;1,23;8,86;3,16;6,04;0,36;0,64;0,83;11,12;28,99;28.073.383,00
NAFG3;64,37;;11,88;2,74;1,15;41,15;16,49;9,28;6,68;7,86;1,17;0,48;1,10;3,20;-2,87;2,52;23,09;9,71;15,89;0,42;0,58;1,05;7,87;33,76;9.648,50
NAFG4;64,42;;11,89;2,74;1,15;41,15;16,49;9,28;6,69;7,86;1,17;0,48;1,10;3,20;-2,87;2,52;23,09;9,71;15,89;0,42;0,58;1,05;7,87;33,76;77.304,00
NEMO3;0,00;;0,00;0,00;0,00;23,65;13,87;-54,97;0,00;;17,48;13,96;0,00;0,00;0,00;1,29;-316,55;-14,22;-5,78;0,04;0,96;0,26;29,06;;
NEMO5;0,00;;0,00;0,00;0,00;23,65;13,87;-54,97;0,00;;17,48;13,96;0,00;0,00;0,00;1,29;-316,55;-14,22;-5,78;0,04;0,96;0,26;29,06;;
NEMO6;0,00;;0,00;0,00;0,00;23,65;13,87;-54,97;0,00;;17,48;13,96;0,00;0,00;0,00;1,29;-316,55;-14,22;-5,78;0,04;0,96;0,26;29,06;;
NEOE3;19,88;3,46;10,06;1,19;0,41;23,27;15,65;8,48;5,45;10,35;4,90;1,07;0,85;5,72;-0,56;1,39;11,86;4,12;8,10;0,35;0,65;0,49;18,25;24,34;58.468.522,89
NORD3;4,16;;-9.181,79;-0,20;1,62;91,86;205,04;-0,19;8,68;20,37;11,69;;17,79;-0,57;-1,73;0,02;0,00;-0,02;-3,11;-8,19;9,19;0,09;;;7.850,42
NRTQ3;0,00;;0,00;0,00;0,00;26,96;13,95;9,21;0,00;-0,91;-0,91;-0,16;0,00;0,00;0,00;3,01;11,76;8,12;12,38;0,69;0,31;0,88;8,13;4,81;
NTCO3;42,34;0,30;-73,70;2,48;0,90;67,96;3,49;-3,59;75,80;98,04;22,24;0,73;2,64;21,63;-1,19;1,20;-3,37;-1,22;1,08;0,36;0,64;0,34;14,29;-26,83;294.195.433,03
NUTR3;94,50;;0,33;0,89;0,20;17,61;1,52;53,40;11,57;19,37;7,80;0,60;0,18;0,99;-0,41;1,68;268,91;61,28;-47,66;0,23;0,77;1,15;7,39;;83.233,50
ODER4;0,00;;0,00;0,00;0,00;27,15;8,79;4,38;0,00;3,10;3,10;0,60;0,00;0,00;0,00;1,84;9,69;4,21;9,71;0,43;0,57;0,96;3,77;27,10;
ODPV3;14,32;2,19;29,04;6,44;4,07;53,07;19,67;14,47;21,36;19,52;-1,84;-0,56;4,20;19,13;-8,06;1,76;22,18;14,02;20,78;0,63;0,37;0,97;9,37;7,87;24.692.371,44
OFSA3;29,00;0,06;31,59;3,19;1,69;49,17;11,97;7,73;20,40;23,24;2,84;0,44;2,44;7,87;-3,47;1,72;10,09;5,34;7,34;0,53;0,47;0,69;13,61;3,92;708.161,31
OGXP3;1,63;;-2,15;-0,98;0,92;;;;-9,26;-9,26;0,00;;;-0,98;;0,51;45,53;-43,02;10,57;-0,94;1,94;0,00;;;
OIBR3;1,15;;-0,43;0,59;0,09;22,89;-18,80;-81,13;-1,84;-6,75;-4,89;1,57;0,35;0,87;-0,13;1,68;-138,20;-21,67;-10,50;0,16;0,84;0,27;-6,55;;166.716.927,94
OIBR4;1,47;;-0,55;0,75;0,12;22,89;-18,80;-81,13;-2,36;-6,75;-4,89;1,57;0,44;1,12;-0,16;1,68;-138,20;-21,67;-10,50;0,16;0,84;0,27;-6,55;;3.975.081,61
OMGE3;35,59;0,25;1.239,26;2,16;0,78;36,70;40,66;0,48;14,76;23,93;9,18;1,34;6,00;10,28;-0,90;2,46;0,17;0,06;5,09;0,36;0,64;0,13;54,71;4,35;25.433.287,89
OSXB3;4,85;;-0,03;0,00;0,01;100,00;-1.948,92;-5.570,69;-0,08;-21,51;-21,44;;1,46;-0,03;-0,01;0,03;12,37;-28,97;60,22;-2,34;3,34;0,01;-56,03;;38.590,06
PARD3;22,32;1,42;20,15;4,12;1,77;29,33;16,31;10,94;13,51;14,04;0,53;0,16;2,20;18,47;-2,57;1,45;20,45;8,77;18,71;0,43;0,57;0,80;14,21;13,42;7.977.992,36
PATI3;23,38;;23,96;1,00;0,45;11,82;3,97;1,70;10,24;10,99;0,66;0,06;0,41;0,88;-1,72;3,15;4,18;1,87;4,10;0,45;0,55;1,10;7,35;2,78;93.630,17
PATI4;28,00;;28,70;1,20;0,54;11,82;3,97;1,70;12,26;10,99;0,66;0,06;0,49;1,06;-2,06;3,15;4,18;1,87;4,10;0,45;0,55;1,10;7,35;2,78;12.833,33
PCAR3;70,00;1,02;36,94;1,35;0,31;21,29;2,84;0,80;10,40;16,86;6,46;0,84;0,30;-10,54;-0,48;0,92;3,65;0,85;4,98;0,23;0,77;1,07;-2,84;-12,00;129.560.263,19
PCAR4;72,11;0,20;38,05;1,39;0,32;21,29;2,84;0,80;10,71;16,86;6,46;0,84;0,30;-10,85;-0,50;0,92;3,65;0,85;4,98;0,23;0,77;1,07;-2,84;-12,00;132.993.317,74
PDGR3;5,42;;-0,05;-0,01;0,02;14,27;-178,95;-385,86;-0,11;-4,18;-4,07;;0,20;-0,02;-0,10;0,38;16,50;-45,19;11,96;-2,74;3,74;0,12;-41,16;;436.338,69
PEAB3;51,00;7,11;26,04;1,23;0,95;30,19;8,76;6,23;18,52;15,23;-4,93;-0,33;1,62;3,10;-1,66;3,49;4,73;3,63;3,78;0,77;0,23;0,58;8,71;26,97;5.695,57
PEAB4;60,00;6,65;30,64;1,45;1,11;30,19;8,76;6,23;21,79;15,23;-4,93;-0,33;1,91;3,64;-1,95;3,49;4,73;3,63;3,78;0,77;0,23;0,58;8,71;26,97;17.750,00
PETR3;22,60;2,81;-22,69;1,25;0,30;42,76;7,30;-4,36;13,56;30,81;17,48;1,62;0,99;10,26;-0,36;1,21;-5,53;-1,34;2,74;0,24;0,76;0,31;-2,17;;419.040.704,92
PETR4;21,69;3,80;-21,77;1,20;0,29;42,76;7,30;-4,36;13,01;30,81;17,48;1,62;0,95;9,85;-0,35;1,21;-5,53;-1,34;2,74;0,24;0,76;0,31;-2,17;;1.661.940.652,39
PFRM3;6,00;;34,92;0,74;0,21;14,90;1,42;0,42;10,27;19,00;8,73;0,63;0,15;1,50;-0,66;1,25;2,12;0,59;3,28;0,28;0,72;1,42;6,84;;3.753.228,53
PINE3;0,00;;0,00;0,00;0,00;-13,87;-45,56;-12,97;0,00;-0,79;;;0,00;0,00;0,00;0,96;-9,47;-0,70;;0,07;0,93;0,05;-1,08;;
PINE4;3,04;;-5,65;0,54;0,04;-13,87;-45,56;-12,97;-1,61;-0,79;;;0,73;-2,67;-0,06;0,96;-9,47;-0,70;;0,07;0,93;0,05;-1,08;;986.992,47
PLAS3;5,01;;-9,12;-0,86;0,10;7,68;1,57;-1,67;9,76;37,72;27,96;;0,15;-0,35;-0,13;0,44;9,45;-1,08;3,81;-0,11;1,11;0,65;-9,15;;86.095,10
PMAM3;14,25;;-1,11;9,73;0,15;0,24;1,67;-11,58;7,73;41,31;33,57;42,23;0,13;-0,32;-0,27;0,48;-874,44;-13,66;-5,02;0,02;0,98;1,18;2,00;;3.077.859,67
PNVL3;25,06;0,67;43,59;6,35;2,14;29,58;4,45;2,80;27,43;30,69;3,88;0,90;1,22;9,57;-5,43;1,58;14,58;4,90;10,20;0,34;0,66;1,75;7,62;9,23;2.368.004,11
PNVL4;19,37;0,95;33,69;4,91;1,65;29,58;4,45;2,80;21,20;30,69;3,88;0,90;0,94;7,40;-4,20;1,58;14,58;4,90;10,20;0,34;0,66;1,75;7,62;9,23;173.099,42
POMO3;2,88;5,49;13,93;1,10;0,49;15,28;6,66;4,52;9,45;13,50;3,74;0,44;0,63;2,25;-1,01;1,71;7,93;3,49;6,05;0,44;0,56;0,77;4,88;-1,10;1.274.622,64
POMO4;3,03;5,21;14,66;1,16;0,51;15,28;6,66;4,52;9,94;13,50;3,74;0,44;0,66;2,36;-1,06;1,71;7,93;3,49;6,05;0,44;0,56;0,77;4,88;-1,10;39.899.705,64
POSI3;5,65;0,57;26,87;0,90;0,33;23,47;4,09;1,54;10,14;14,04;3,90;0,35;0,41;1,28;-1,60;1,49;3,37;1,24;4,16;0,37;0,63;0,81;-3,86;-2,17;27.570.489,92
PPAR3;250.020,00;;46.023,58;542,17;397,51;;;;61.671,60;61.663,18;-8,42;-0,07;;7.421,37;-421,42;17,84;1,18;0,86;0,86;0,73;0,27;0,00;;12,45;
PPLA11;19,78;;-43,87;2.141,31;2.141,31;;;;-43,87;-43,87;;;;;-2.141,31;;-4.880,77;-4.880,77;;1,00;0,00;0,00;;;196.697,47
PRIO3;35,69;;7,03;2,19;0,77;36,29;59,34;42,48;5,04;7,67;2,64;1,15;2,99;-7,93;-1,03;0,72;31,16;10,99;17,63;0,35;0,65;0,26;27,56;;123.056.596,31
PRNR3;9,95;;-35,06;5,07;1,58;14,06;2,23;-3,10;48,78;54,13;5,35;0,56;1,09;11,58;-3,39;1,34;-14,47;-4,51;1,73;0,31;0,69;1,46;;;2.673.822,25
PSSA3;54,50;4,29;13,47;2,18;0,53;100,00;6,31;7,18;15,34;5,89;-9,44;-1,34;0,97;3,61;-1,81;1,27;16,21;3,97;6,71;0,24;0,76;0,55;4,76;9,50;45.388.380,14
PTBL3;4,32;0,92;13,33;1,84;0,34;33,25;9,31;4,47;6,40;11,26;4,86;1,40;0,60;3,44;-0,63;1,26;13,84;2,52;8,46;0,18;0,82;0,56;3,26;-32,43;6.844.061,53
PTCA11;0,00;;0,00;0,00;0,00;44,03;10,21;5,83;0,00;;2,66;0,79;0,00;0,00;0,00;1,72;17,05;6,39;12,70;0,37;0,63;1,10;;;
PTCA3;0,00;;0,00;0,00;0,00;44,03;10,21;5,83;0,00;;2,66;0,79;0,00;0,00;0,00;1,72;17,05;6,39;12,70;0,37;0,63;1,10;;;
PTNT3;7,96;0,91;8,53;1,44;0,71;13,97;8,52;7,80;7,81;7,65;1,76;0,32;0,67;5,94;-1,31;1,36;16,84;8,36;11,74;0,50;0,50;1,07;7,68;26,78;135.131,62
PTNT4;5,03;1,44;5,39;0,91;0,45;13,97;8,52;7,80;4,93;7,65;1,76;0,32;0,42;3,75;-0,83;1,36;16,84;8,36;11,74;0,50;0,50;1,07;7,68;26,78;272.478,67
QUAL3;28,98;14,30;22,45;5,47;2,36;81,37;28,04;17,98;14,40;15,62;1,23;0,47;4,04;14,20;-3,44;2,12;24,35;10,52;14,81;0,43;0,57;0,59;6,05;22,49;105.914.121,11
QUSW3;0,00;;0,00;0,00;0,00;24,86;9,49;2,84;0,00;1,45;1,45;0,40;0,00;0,00;0,00;1,26;8,25;3,50;10,97;0,42;0,58;1,23;27,25;9,12;
QVQP3B;0,00;;0,00;0,00;0,00;;;;0,00;1,67;1,67;-1,03;;0,00;0,00;11,20;-60,66;-55,41;-61,61;0,91;0,09;0,00;;;
RADL3;109,04;0,62;43,81;8,67;2,77;29,51;6,49;4,43;29,92;30,65;0,73;0,21;1,94;19,20;-5,41;1,42;19,78;6,31;21,11;0,32;0,68;1,42;18,90;28,93;197.246.084,89
RAIL3;23,60;;75,83;4,41;1,04;34,17;27,52;7,06;19,45;25,61;6,16;1,40;5,35;23,80;-1,21;1,47;5,81;1,37;8,15;0,24;0,76;0,19;14,09;;197.036.778,94
RANI3;4,85;0,22;-14,64;2,28;0,52;30,74;23,56;-6,11;3,80;7,26;3,38;2,03;0,89;9,97;-0,75;1,20;-15,58;-3,53;13,37;0,23;0,77;0,58;4,01;;219.376,64
RANI4;6,30;0,17;-19,01;2,96;0,67;30,74;23,56;-6,11;4,93;7,26;3,38;2,03;1,16;12,95;-0,98;1,20;-15,58;-3,53;13,37;0,23;0,77;0,58;4,01;;108.207,69
RAPT3;8,34;3,25;10,82;1,29;0,45;24,23;9,69;5,20;5,80;8,81;2,24;0,50;0,56;1,24;-1,10;2,65;11,90;4,18;7,09;0,35;0,65;0,80;6,15;4,06;138.642,53
RAPT4;10,00;2,71;12,97;1,54;0,54;24,23;9,69;5,20;6,96;8,81;2,24;0,50;0,67;1,49;-1,32;2,65;11,90;4,18;7,09;0,35;0,65;0,80;6,15;4,06;39.757.735,94
RCSL3;2,04;;-47,26;-2,27;4.068,48;23,59;2,25;-16,54;347,59;322,50;-0,17;;7,82;-12,70;-6,49;0,54;4,80;-8.608,85;-0,65;-1.795,00;2.795,00;520,40;55,45;;85.643,00
RCSL4;1,82;;-42,16;-2,02;3.629,73;23,59;2,25;-16,54;310,11;322,50;-0,17;;6,97;-11,33;-5,79;0,54;4,80;-8.608,85;-0,65;-1.795,00;2.795,00;520,40;55,45;;2.983.516,94
RDNI3;9,70;0,09;337,49;0,69;0,29;26,29;2,66;0,39;49,90;92,91;43,02;0,59;1,33;1,26;-0,47;2,43;0,20;0,09;-0,03;0,42;0,58;0,22;-14,86;-56,14;245.617,92
REDE3;10,10;1,23;25,93;4,42;1,07;20,28;14,07;7,42;13,68;18,16;4,48;1,45;1,92;14,12;-1,51;1,35;17,05;4,11;9,71;0,24;0,76;0,55;17,93;-10,54;13.212,94
RENT3;41,70;1,16;37,03;5,83;1,53;25,20;14,66;8,10;20,47;25,11;4,64;1,32;3,00;19,17;-2,06;1,45;15,73;4,14;7,80;0,26;0,74;0,51;21,24;15,22;363.272.609,36
RLOG3;20,14;;19,63;1,12;0,26;34,17;27,37;6,91;4,96;11,15;6,20;1,40;1,36;6,04;-0,31;1,47;5,69;1,34;8,11;0,24;0,76;0,19;50,58;42,36;12.381.189,44
RNEW11;8,28;;-0,11;-0,11;0,05;32,42;-572,97;-1.032,75;-0,20;-2,97;-2,77;;1,17;-0,04;-0,05;0,01;92,99;-43,52;-120,77;-0,47;1,47;0,04;-20,17;;163.261,81
RNEW3;3,18;;-0,13;-0,12;0,06;32,42;-572,97;-1.032,75;-0,24;-2,97;-2,77;;1,35;-0,05;-0,06;0,01;92,99;-43,52;-120,77;-0,47;1,47;0,04;-20,17;;86.245,72
RNEW4;2,58;;-0,11;-0,10;0,05;32,42;-572,97;-1.032,75;-0,19;-2,97;-2,77;;1,10;-0,04;-0,05;0,01;92,99;-43,52;-120,77;-0,47;1,47;0,04;-20,17;;110.029,81
ROMI3;13,10;9,54;9,87;1,03;0,53;28,79;6,51;10,29;15,61;21,02;5,41;0,36;1,02;2,28;-1,24;1,70;10,48;5,41;3,87;0,52;0,48;0,53;3,37;76,10;2.894.551,42
RPAD3;6,10;0,01;12,32;0,51;0,50;94,81;15.412,22;15.529,63;12,41;;-0,23;-0,01;1.913,19;-297,90;-0,51;0,86;4,14;4,09;4,11;0,99;0,01;0,00;4,29;4,48;3.184,44
RPAD5;8,50;6,16;17,17;0,71;0,70;94,81;15.412,22;15.529,63;17,30;;-0,23;-0,01;2.665,92;-415,11;-0,71;0,86;4,14;4,09;4,11;0,99;0,01;0,00;4,29;4,48;5.577,00
RPAD6;6,20;0,01;12,52;0,52;0,51;94,81;15.412,22;15.529,63;12,62;;-0,23;-0,01;1.944,56;-302,79;-0,52;0,86;4,14;4,09;4,11;0,99;0,01;0,00;4,29;4,48;4.002,11
RPMG3;3,19;;-0,95;-0,08;0,09;3,20;-16,45;-19,27;-1,11;-1,11;0,00;;0,18;-0,09;-1,04;0,49;8,21;-9,17;7,01;-1,12;2,12;0,48;37,84;;369.157,25
RSID3;6,04;;-0,19;-0,16;0,05;-58,85;-865,50;-1.168,96;-0,26;-3,82;-3,55;;2,27;-0,10;-0,09;0,42;83,29;-27,04;-48,80;-0,32;1,32;0,02;-48,12;;900.023,86
RSUL3;0,00;;0,00;0,00;0,00;33,70;18,02;10,96;0,00;0,96;0,07;0,79;0,00;0,00;0,00;0,55;705,46;9,30;435,98;0,01;0,99;0,85;4,32;19,67;
RSUL4;113,01;;3,57;25,16;0,33;33,70;18,02;10,96;2,17;0,96;0,07;0,79;0,39;-1,24;-0,49;0,55;705,46;9,30;435,98;0,01;0,99;0,85;4,32;19,67;15.134,00
SANB11;30,26;9,47;7,94;1,14;0,14;34,12;3,14;19,04;48,11;48,11;;;1,51;;-0,14;;14,32;1,72;;0,12;0,88;0,09;4,33;23,85;105.370.083,89
SANB3;15,07;9,06;7,91;1,13;0,14;34,12;3,14;19,04;47,92;48,11;;;1,51;;-0,14;;14,32;1,72;;0,12;0,88;0,09;4,33;23,85;2.551.938,50
SANB4;15,31;9,81;8,04;1,15;0,14;34,12;3,14;19,04;48,69;48,11;;;1,53;;-0,14;;14,32;1,72;;0,12;0,88;0,09;4,33;23,85;2.701.031,61
SAPR11;32,94;3,36;8,90;1,55;0,79;61,18;34,87;22,97;5,86;7,43;1,57;0,41;2,04;25,55;-0,91;1,30;17,40;8,90;13,22;0,51;0,49;0,39;12,53;20,70;60.601.953,17
SAPR3;7,05;2,91;9,53;1,66;0,85;61,18;34,87;22,97;6,27;7,43;1,57;0,41;2,19;27,34;-0,98;1,30;17,40;8,90;13,22;0,51;0,49;0,39;12,53;20,70;1.227.026,11
SAPR4;6,49;3,47;8,77;1,53;0,78;61,18;34,87;22,97;5,78;7,43;1,57;0,41;2,01;25,17;-0,90;1,30;17,40;8,90;13,22;0,51;0,49;0,39;12,53;20,70;13.806.618,11
SBSP3;58,88;2,34;19,51;1,92;0,86;43,67;30,71;11,36;7,22;9,42;2,19;0,58;2,22;-22,46;-0,96;0,74;9,83;4,39;13,86;0,45;0,55;0,39;9,91;30,11;235.223.917,97
SCAR3;37,35;0,98;23,50;1,44;0,71;74,69;57,17;24,09;9,90;15,04;5,14;0,75;5,66;7,77;-0,85;2,44;6,13;3,04;6,61;0,50;0,50;0,13;4,05;-6,45;591.993,19
SEDU3;23,80;;-13,38;14,95;1,53;48,36;-15,73;-25,73;-21,89;-27,94;-6,05;4,13;3,44;57,90;-2,27;1,09;-111,71;-11,44;-13,15;0,10;0,90;0,44;12,49;;
SEER3;17,02;1,77;22,58;1,65;0,88;53,34;17,57;7,58;9,74;9,55;-0,19;-0,03;1,71;9,34;-1,14;1,72;7,32;3,91;15,32;0,53;0,47;0,52;12,60;-8,61;15.714.448,94
SGPS3;7,80;;8,53;0,28;0,12;31,63;5,48;3,21;5,01;15,76;10,76;0,60;0,27;1,24;-0,19;1,33;3,30;1,39;3,18;0,42;0,58;0,43;-7,42;;1.252.168,06
SHOW3;2,70;;-3,53;0,67;0,28;14,11;-12,65;-16,88;-4,72;-3,19;1,52;-0,22;0,60;1,47;-0,65;1,49;-18,85;-7,87;-9,51;0,42;0,58;0,47;-6,57;;2.458.970,83
SHUL3;0,00;;0,00;0,00;0,00;22,22;9,32;8,91;0,00;8,17;2,33;0,36;0,00;0,00;0,00;2,24;14,63;5,92;6,36;0,40;0,60;0,66;7,65;12,44;
SHUL4;11,24;1,37;10,66;1,56;0,63;22,22;9,32;8,91;10,19;8,17;2,33;0,36;0,95;1,78;-1,76;2,24;14,63;5,92;6,36;0,40;0,60;0,66;7,65;12,44;2.462.988,22
SLCE3;23,28;1,69;12,32;1,53;0,61;26,82;19,66;11,24;7,05;9,48;2,43;0,53;1,39;4,35;-1,11;1,45;12,42;4,95;9,79;0,40;0,60;0,44;15,19;35,04;41.985.257,69
SLED3;1,95;;-0,25;-0,37;0,10;33,41;-81,44;-50,69;-0,16;-0,92;-0,80;;0,13;-2,76;-0,14;0,88;150,00;-41,95;-242,63;-0,28;1,28;0,83;-18,14;;411.387,75
SLED4;0,96;;-0,12;-0,18;0,05;33,41;-81,44;-50,69;-0,08;-0,92;-0,80;;0,06;-1,36;-0,07;0,88;150,00;-41,95;-242,63;-0,28;1,28;0,83;-18,14;;970.865,53
SMFT3;0,00;;0,00;0,00;0,00;37,95;6,14;-16,06;0,00;8,98;8,98;0,50;0,00;0,00;0,00;1,66;-14,51;-4,28;1,36;0,29;0,71;0,27;;;
SMLS3;16,69;1,62;3,31;1,64;0,68;93,01;72,86;59,62;2,71;1,19;-1,51;-0,92;1,97;2,19;-2,84;1,70;49,66;20,65;39,69;0,42;0,58;0,35;;;39.408.031,47
SMTO3;19,19;3,43;11,67;1,84;0,59;27,25;30,71;15,85;6,02;10,00;3,97;1,21;1,85;2,82;-0,88;2,75;15,75;5,06;11,27;0,32;0,68;0,32;16,99;18,39;35.749.249,11
SNSY3;0,00;;0,00;0,00;0,00;9,30;-22,14;-40,57;0,00;;-0,83;;0,00;0,00;0,00;0,55;14,93;-48,81;8,89;-3,27;4,27;1,20;0,60;;
SNSY5;91,00;;-0,09;-0,01;0,05;9,30;-22,14;-40,57;-0,17;;-0,83;;0,04;-0,12;-0,09;0,55;14,93;-48,81;8,89;-3,27;4,27;1,20;0,60;;37.048,14
SNSY6;0,00;;0,00;0,00;0,00;9,30;-22,14;-40,57;0,00;;-0,83;;0,00;0,00;0,00;0,55;14,93;-48,81;8,89;-3,27;4,27;1,20;0,60;;
SOND3;33,46;2,50;13,29;1,48;1,05;31,63;5,28;9,46;23,81;;-8,46;-0,53;1,26;2,50;-2,54;3,49;11,17;7,87;3,72;0,71;0,29;0,83;-16,58;-15,38;
SOND5;37,00;2,49;14,70;1,64;1,16;31,63;5,28;9,46;26,33;;-8,46;-0,53;1,39;2,76;-2,81;3,49;11,17;7,87;3,72;0,71;0,29;0,83;-16,58;-15,38;11.100,00
SOND6;31,09;2,96;12,35;1,38;0,97;31,63;5,28;9,46;22,12;;-8,46;-0,53;1,17;2,32;-2,36;3,49;11,17;7,87;3,72;0,71;0,29;0,83;-16,58;-15,38;9.327,00
SPRI3;14,00;;-6,37;1,01;0,95;;;;-5,84;;0,56;-0,10;;3,33;-1,42;7,86;-15,92;-14,98;-17,38;0,94;0,06;0,00;;;63.373,79
SPRI5;12,50;;-5,69;0,91;0,85;;;;-5,21;;0,56;-0,10;;2,98;-1,27;7,86;-15,92;-14,98;-17,38;0,94;0,06;0,00;;;6.818,38
SPRI6;22,00;;-10,01;1,59;1,50;;;;-9,17;;0,56;-0,10;;5,24;-2,23;7,86;-15,92;-14,98;-17,38;0,94;0,06;0,00;;;71.686,00
SPRT3B;0,90;;-32,01;-32,93;408,93;;;;-34,85;-34,85;0,00;;;-30,49;-411,12;0,00;102,88;-1.277,40;94,51;-12,42;13,42;0,00;;;
SQIA3;19,50;;-766,41;3,25;2,26;33,16;-0,45;-0,97;-1.667,52;-1.353,23;314,29;-0,61;7,43;4,25;-5,99;6,81;-0,42;-0,29;-0,61;0,70;0,30;0,30;19,79;;17.605.048,11
STBP3;5,53;0,32;330,48;2,76;1,16;26,15;9,20;1,16;41,55;42,26;0,71;0,05;3,82;12,37;-1,40;2,22;0,84;0,35;4,60;0,42;0,58;0,30;-0,62;-30,01;24.278.318,50
STKF3;0,00;;0,00;0,00;0,00;52,23;28,54;13,66;0,00;2,06;2,06;0,20;0,00;0,00;0,00;1,52;4,71;2,85;5,76;0,61;0,39;0,21;15,38;;
STTR3;0,00;;0,00;0,00;0,00;33,80;12,33;12,53;0,00;0,55;0,55;0,13;0,00;0,00;0,00;3,75;23,94;13,99;15,42;0,58;0,42;1,12;9,75;31,06;
SULA11;44,88;1,87;17,04;2,50;0,64;12,15;3,61;4,70;22,22;4,59;-17,63;-1,98;0,80;1,89;-2,12;1,93;14,65;3,74;5,94;0,26;0,74;0,80;9,98;16,00;163.413.544,58
SULA3;20,40;1,37;23,24;3,40;0,87;12,15;3,61;4,70;30,30;4,59;-17,63;-1,98;1,09;2,58;-2,89;1,93;14,65;3,74;5,94;0,26;0,74;0,80;9,98;16,00;121.257,83
SULA4;12,02;2,33;13,69;2,01;0,51;12,15;3,61;4,70;17,85;4,59;-17,63;-1,98;0,64;1,52;-1,70;1,93;14,65;3,74;5,94;0,26;0,74;0,80;9,98;16,00;137.829,44
SUZB3;38,15;;-3,46;11,13;0,49;23,65;13,89;-54,97;13,69;31,16;17,46;14,20;1,90;11,83;-0,61;1,29;-321,65;-14,23;-5,77;0,04;0,96;0,26;29,06;;440.435.899,44
TAEE11;28,67;8,11;8,18;1,86;0,80;66,77;80,74;56,32;5,71;9,00;3,29;1,07;4,61;4,51;-1,08;3,10;22,75;9,77;13,71;0,43;0,57;0,17;3,71;2,07;74.660.785,50
TAEE3;9,53;8,13;8,16;1,86;0,80;66,77;80,74;56,32;5,69;9,00;3,29;1,07;4,60;4,50;-1,08;3,10;22,75;9,77;13,71;0,43;0,57;0,17;3,71;2,07;454.605,53
TAEE4;9,56;8,11;8,19;1,86;0,80;66,77;80,74;56,32;5,71;9,00;3,29;1,07;4,61;4,52;-1,08;3,10;22,75;9,77;13,71;0,43;0,57;0,17;3,71;2,07;805.893,31
TASA3;6,18;;12,59;-1,80;0,51;34,08;10,57;4,34;5,18;12,43;6,76;;0,55;8,48;-1,47;1,10;-14,26;4,07;18,68;-0,29;1,29;0,94;11,06;;729.831,44
TASA4;7,44;;15,16;-2,16;0,62;34,08;10,57;4,34;6,23;12,43;6,76;;0,66;10,20;-1,77;1,10;-14,26;4,07;18,68;-0,29;1,29;0,94;11,06;;8.525.373,33
TCNO3;2,75;;-48,94;23,89;0,08;;;;-10,58;-27,04;-19,45;43,91;;-0,19;-0,09;0,29;-48,82;-0,16;-5,02;0,00;1,00;0,00;;;214.955,25
TCNO4;1,54;;-27,41;13,38;0,04;;;;-5,93;-27,04;-19,45;43,91;;-0,11;-0,05;0,29;-48,82;-0,16;-5,02;0,00;1,00;0,00;;;184.304,61
TCSA3;13,66;;-3,15;1,13;0,62;-5,14;-92,62;-107,43;-3,65;-4,00;-0,36;0,11;3,38;4,18;-0,96;1,73;-36,01;-19,76;-23,55;0,55;0,45;0,18;-25,67;;25.534.331,61
TECN3;1,70;;-1,09;0,39;0,20;34,55;-40,05;-38,79;-1,05;-1,38;-0,32;0,12;0,42;0,58;-0,47;2,41;-35,61;-18,14;-30,42;0,51;0,49;0,47;-5,22;;613.145,50
TEKA3;18,80;;-0,07;-0,01;0,01;14,90;-19,13;-86,76;-0,33;-16,73;-16,48;;0,06;0,00;-0,01;0,03;8,25;-13,17;2,78;-1,60;2,60;0,15;4,39;;76.047,50
TEKA4;11,95;;-0,05;0,00;0,01;14,90;-19,13;-86,76;-0,21;-16,73;-16,48;;0,04;0,00;-0,01;0,03;8,25;-13,17;2,78;-1,60;2,60;0,15;4,39;;309.931,94
TELB3;124,50;;-56,90;5,18;1,96;-85,25;-26,94;-65,47;-138,29;-100,22;9,90;-0,37;37,25;8,83;-2,74;4,58;-9,10;-3,45;-3,21;0,38;0,62;0,05;6,86;;181.038,66
TELB4;31,00;;-14,17;1,29;0,49;-85,25;-26,94;-65,47;-34,43;-100,22;9,90;-0,37;9,28;2,20;-0,68;4,58;-9,10;-3,45;-3,21;0,38;0,62;0,05;6,86;;1.246.671,83
TEND3;30,90;1,09;13,93;2,35;0,90;32,48;13,42;11,83;12,28;11,77;-0,50;-0,10;1,65;1,83;-3,61;2,93;16,88;6,48;9,82;0,38;0,62;0,55;27,88;;37.264.316,19
TESA3;12,50;;-2,30;0,34;0,11;16,54;7,61;-11,02;3,33;15,62;12,29;1,27;0,25;-2,88;-0,15;0,89;-14,98;-4,61;4,46;0,31;0,69;0,42;4,07;;813.931,39
TGMA3;24,19;6,57;8,55;2,68;1,65;21,28;17,34;14,03;6,92;7,41;0,49;0,19;1,20;7,94;-2,93;1,90;31,36;19,25;19,67;0,61;0,39;1,37;-1,32;;20.608.422,69
TIET11;15,02;4,60;19,13;3,93;0,74;33,95;37,62;15,34;7,80;11,52;3,72;1,88;2,93;-43,66;-0,97;0,93;20,53;3,88;12,04;0,19;0,81;0,25;-8,55;7,42;26.076.823,33
TIET3;3,30;4,19;21,01;4,31;0,81;33,95;37,62;15,34;8,57;11,52;3,72;1,88;3,22;-47,96;-1,06;0,93;20,53;3,88;12,04;0,19;0,81;0,25;-8,55;7,42;565.514,89
TIET4;2,95;4,68;18,78;3,86;0,73;33,95;37,62;15,34;7,66;11,52;3,72;1,88;2,88;-42,88;-0,95;0,93;20,53;3,88;12,04;0,19;0,81;0,25;-8,55;7,42;1.890.783,31
TIMP3;14,19;2,90;9,38;1,52;0,87;57,26;26,33;21,06;7,50;7,68;0,18;0,04;1,97;27,94;-1,06;1,21;16,22;9,28;14,51;0,57;0,43;0,44;-2,28;18,52;112.900.972,36
TKNO3;0,00;;0,00;0,00;0,00;23,31;12,62;6,72;0,00;1,41;-1,25;-0,14;0,00;0,00;0,00;3,45;5,87;4,67;6,16;0,79;0,21;0,69;1,69;16,13;
TKNO4;39,20;;10,82;0,64;0,50;23,31;12,62;6,72;5,76;1,41;-1,25;-0,14;0,73;1,29;-1,13;3,45;5,87;4,67;6,16;0,79;0,21;0,69;1,69;16,13;3.920,00
TOTS3;22,88;0,80;50,85;5,23;3,67;67,94;14,46;11,21;39,42;36,68;-2,74;-0,36;5,70;11,40;-7,57;2,66;10,29;7,21;8,67;0,70;0,30;0,64;5,18;-4,33;113.978.124,56
TOYB3;2,29;;-43,94;-4,97;4,03;24,06;-10,70;-10,96;-45,00;-47,62;-0,63;;4,81;-5,93;-11,89;0,49;11,31;-9,18;11,93;-0,81;1,81;0,84;-33,11;;
TOYB4;2,50;;-47,96;-5,43;4,40;24,06;-10,70;-10,96;-49,12;-47,62;-0,63;;5,26;-6,47;-12,98;0,49;11,31;-9,18;11,93;-0,81;1,81;0,84;-33,11;;
TPIS3;1,33;;-1,26;0,32;0,06;11,06;-4,85;-18,14;-4,71;-41,47;-36,76;2,50;0,23;-0,27;-0,07;0,22;-25,44;-5,05;-5,29;0,20;0,80;0,28;-10,51;;876.834,92
TRIS3;12,25;2,62;14,69;2,03;1,22;36,88;21,73;19,73;13,33;12,74;-0,59;-0,09;2,90;2,33;-5,20;3,18;13,81;8,33;10,83;0,60;0,40;0,42;16,63;31,43;21.254.775,92
TRPL3;25,34;6,86;9,12;1,31;0,81;69,74;70,49;54,17;7,01;7,13;0,93;0,17;4,94;8,10;-0,98;2,21;14,38;8,83;12,40;0,61;0,39;0,16;24,55;36,20;88.067,58
TRPL4;20,50;8,48;7,38;1,06;0,65;69,74;70,49;54,17;5,67;7,13;0,93;0,17;4,00;6,55;-0,80;2,21;14,38;8,83;12,40;0,61;0,39;0,16;24,55;36,20;38.534.204,97
TUPY3;19,45;;10,05;1,17;0,55;16,17;6,91;5,40;7,86;9,67;1,81;0,27;0,54;1,90;-1,11;2,31;11,68;5,44;7,67;0,47;0,53;1,01;10,64;25,61;16.285.040,69
TXRX3;159,89;;31,81;-2,34;3,69;31,55;23,55;20,38;27,52;19,06;8,31;;6,48;-2,61;-5,43;0,18;-7,35;11,61;-28,89;-1,58;2,58;0,57;3,62;;514.609,38
TXRX4;11,88;;2,36;-0,17;0,27;31,55;23,55;20,38;2,04;19,06;8,31;;0,48;-0,19;-0,40;0,18;-7,35;11,61;-28,89;-1,58;2,58;0,57;3,62;;921.563,81
UCAS3;3,88;11,41;17,21;1,60;1,24;39,56;11,07;10,22;15,90;13,35;-2,54;-0,26;1,76;3,79;-2,53;2,82;9,30;7,22;6,49;0,78;0,22;0,71;-9,32;;642.590,28
UGPA3;18,38;2,39;62,24;2,16;0,62;6,76;1,50;0,37;15,16;24,56;9,40;1,34;0,23;2,12;-1,15;2,78;3,47;1,00;3,57;0,29;0,71;2,72;5,68;-20,28;148.874.749,36
UNIP3;29,80;2,64;133,70;2,10;0,74;26,07;10,56;0,71;8,96;;0,87;0,20;0,95;8,62;-1,12;1,34;1,57;0,55;11,97;0,35;0,65;0,78;31,46;21,32;72.138,36
UNIP5;27,85;5,13;124,95;1,96;0,69;26,07;10,56;0,71;8,38;;0,87;0,20;0,88;8,06;-1,05;1,34;1,57;0,55;11,97;0,35;0,65;0,78;31,46;21,32;23.729,50
UNIP6;24,35;3,56;109,25;1,71;0,61;26,07;10,56;0,71;7,32;;0,87;0,20;0,77;7,04;-0,92;1,34;1,57;0,55;11,97;0,35;0,65;0,78;31,46;21,32;3.881.305,44
USIM3;8,31;0,60;-84,27;0,67;0,39;12,42;6,63;-0,81;10,31;;3,52;0,23;0,68;1,57;-0,60;3,26;-0,79;-0,46;4,23;0,58;0,42;0,56;4,95;12,56;2.439.741,53
USIM5;7,70;0,71;-78,08;0,62;0,36;12,42;6,63;-0,81;9,55;;3,52;0,23;0,63;1,46;-0,55;3,26;-0,79;-0,46;4,23;0,58;0,42;0,56;4,95;12,56;167.490.527,89
USIM6;9,50;0,58;-96,34;0,76;0,44;12,42;6,63;-0,81;11,79;;3,52;0,23;0,78;1,80;-0,68;3,26;-0,79;-0,46;4,23;0,58;0,42;0,56;4,95;12,56;1.900,00
VALE3;55,45;2,55;-193,61;1,69;0,67;42,73;11,19;-1,02;17,59;19,76;2,18;0,21;1,97;6,74;-0,87;1,72;-0,88;-0,34;4,99;0,39;0,61;0,34;12,46;;1.561.715.732,50
VIVA3;21,24;0,80;18,11;4,52;2,74;70,18;33,57;28,98;15,63;15,09;-0,54;-0,16;5,25;6,20;-8,13;3,00;24,98;15,14;22,53;0,61;0,39;0,52;;;39.977.988,33
VIVR3;1,93;;-0,54;-0,81;0,23;25,79;125,50;163,73;-0,70;-1,86;-1,16;;;-0,47;-0,38;0,44;149,67;-43,41;-307,04;-0,29;1,29;-0,27;;;1.443.818,44
VIVT3;49,24;5,56;17,30;1,17;0,76;49,70;16,33;10,91;11,56;12,62;1,10;0,11;1,89;42,15;-0,94;1,10;6,76;4,38;6,78;0,65;0,35;0,40;4,81;0,26;4.513.046,53
VIVT4;49,05;6,14;17,24;1,16;0,76;49,70;16,33;10,91;11,51;12,62;1,10;0,11;1,88;41,98;-0,94;1,10;6,76;4,38;6,78;0,65;0,35;0,40;4,81;0,26;149.433.864,00
VLID3;11,19;6,26;19,60;0,63;0,28;21,29;6,31;1,99;6,17;12,29;6,11;0,63;0,39;1,68;-0,48;1,67;3,23;1,43;4,81;0,44;0,56;0,72;9,15;-13,37;10.943.222,08
VSPT3;0,00;;0,00;0,00;0,00;11,36;10,08;5,55;0,00;-0,43;-0,43;-0,02;0,00;0,00;0,00;0,61;2,97;1,61;3,85;0,54;0,46;0,29;10,01;;
VSPT4;0,00;;0,00;0,00;0,00;11,36;10,08;5,55;0,00;-0,43;-0,43;-0,02;0,00;0,00;0,00;0,61;2,97;1,61;3,85;0,54;0,46;0,29;10,01;;
VULC3;5,04;;9,85;1,12;0,90;34,41;9,14;9,69;10,43;9,95;-0,48;-0,05;0,95;1,90;-2,22;4,78;11,40;9,10;9,76;0,80;0,20;0,94;5,57;;5.760.504,83
VVAR3;15,01;;-17,40;37,40;1,00;29,39;-3,69;-5,37;-25,34;;-3,78;5,58;0,93;-6,84;-2,00;0,77;-214,98;-5,76;-24,20;0,03;0,97;1,07;2,50;;1.394.757.910,67
WEGE3;46,04;0,89;54,34;9,78;5,56;29,68;14,15;12,59;48,32;48,11;-0,22;-0,04;6,84;17,10;-14,27;2,14;17,99;10,24;14,47;0,57;0,43;0,81;11,23;11,15;212.540.444,56
WHRL3;6,37;23,39;6,25;2,92;1,23;17,49;7,40;19,10;16,12;14,53;-1,81;-0,33;1,19;5,31;-5,17;1,43;46,68;19,64;9,29;0,42;0,58;1,03;-4,33;20,00;142.165,58
WHRL4;6,65;26,21;6,52;3,04;1,28;17,49;7,40;19,10;16,83;14,53;-1,81;-0,33;1,25;5,54;-5,40;1,43;46,68;19,64;9,29;0,42;0,58;1,03;-4,33;20,00;415.501,83
WIZS3;11,39;5,87;8,35;7,33;2,78;72,14;52,11;31,28;5,01;4,72;-0,29;-0,42;2,61;-21,37;-3,99;0,70;87,80;33,25;92,92;0,38;0,62;1,06;19,97;21,33;10.763.446,14
WLMM3;11,80;2,71;8,16;1,00;0,80;12,74;5,47;4,78;7,13;8,38;-0,37;-0,05;0,39;2,75;-1,33;3,82;12,24;9,84;11,33;0,80;0,20;2,06;4,61;32,46;4.698,47
WLMM4;16,70;2,11;11,55;1,41;1,14;12,74;5,47;4,78;10,09;8,38;-0,37;-0,05;0,55;3,89;-1,88;3,82;12,24;9,84;11,33;0,80;0,20;2,06;4,61;32,46;25.175,97
WSON33;33,35;3,41;38,02;1,04;0,44;44,15;17,95;3,85;8,16;14,97;6,82;0,87;1,46;7,68;-0,53;1,55;2,74;1,17;4,04;0,43;0,57;0,30;1,52;4,05;1.798.329,94
YDUQ3;37,15;1,37;20,03;3,51;1,50;57,55;24,01;16,12;13,45;14,56;1,11;0,29;3,23;4,88;-2,67;3,41;17,50;7,51;12,43;0,43;0,57;0,47;8,38;12,26;131.150.616,69
